SA1_CODE_DIV,SA1_CODE,SA2_CODE,SA2_NAME,DIVISION,ACTUAL,PROJECTED
80101100101-CAN,80101100101,801011001,Aranda,Canberra,195,192
80101100102-CAN,80101100102,801011001,Aranda,Canberra,274,254
80101100103-CAN,80101100103,801011001,Aranda,Canberra,234,251
80101100104-CAN,80101100104,801011001,Aranda,Canberra,359,358
80101100105-CAN,80101100105,801011001,Aranda,Canberra,428,406
80101100106-CAN,80101100106,801011001,Aranda,Canberra,333,330
80101100201-FEN,80101100201,801011002,Belconnen,Fenner,284,288
80101100202-FEN,80101100202,801011002,Belconnen,Fenner,200,203
80101100203-FEN,80101100203,801011002,Belconnen,Fenner,354,371
80101100205-FEN,80101100205,801011002,Belconnen,Fenner,0,0
80101100208-FEN,80101100208,801011002,Belconnen,Fenner,278,291
80101100209-FEN,80101100209,801011002,Belconnen,Fenner,164,166
80101100210-FEN,80101100210,801011002,Belconnen,Fenner,236,221
80101100211-FEN,80101100211,801011002,Belconnen,Fenner,332,350
80101100212-FEN,80101100212,801011002,Belconnen,Fenner,394,419
80101100213-FEN,80101100213,801011002,Belconnen,Fenner,13,14
80101100215-FEN,80101100215,801011002,Belconnen,Fenner,228,241
80101100216-FEN,80101100216,801011002,Belconnen,Fenner,658,718
80101100217-FEN,80101100217,801011002,Belconnen,Fenner,189,190
80101100218-FEN,80101100218,801011002,Belconnen,Fenner,277,309
80101100219-FEN,80101100219,801011002,Belconnen,Fenner,213,220
80101100220-FEN,80101100220,801011002,Belconnen,Fenner,143,143
80101100221-FEN,80101100221,801011002,Belconnen,Fenner,176,267
80101100222-FEN,80101100222,801011002,Belconnen,Fenner,315,314
80101100223-FEN,80101100223,801011002,Belconnen,Fenner,2,2
80101100224-FEN,80101100224,801011002,Belconnen,Fenner,27,29
80101100225-FEN,80101100225,801011002,Belconnen,Fenner,208,209
80101100301-CAN,80101100301,801011003,Bruce,Canberra,201,203
80101100304-CAN,80101100304,801011003,Bruce,Canberra,657,726
80101100306-CAN,80101100306,801011003,Bruce,Canberra,262,246
80101100307-CAN,80101100307,801011003,Bruce,Canberra,129,144
80101100308-CAN,80101100308,801011003,Bruce,Canberra,197,214
80101100309-CAN,80101100309,801011003,Bruce,Canberra,152,167
80101100310-CAN,80101100310,801011003,Bruce,Canberra,141,152
80101100311-CAN,80101100311,801011003,Bruce,Canberra,192,224
80101100312-CAN,80101100312,801011003,Bruce,Canberra,502,546
80101100314-CAN,80101100314,801011003,Bruce,Canberra,26,34
80101100315-CAN,80101100315,801011003,Bruce,Canberra,270,290
80101100316-CAN,80101100316,801011003,Bruce,Canberra,202,223
80101100317-CAN,80101100317,801011003,Bruce,Canberra,218,249
80101100318-CAN,80101100318,801011003,Bruce,Canberra,214,239
80101100319-CAN,80101100319,801011003,Bruce,Canberra,200,231
80101100320-CAN,80101100320,801011003,Bruce,Canberra,253,262
80101100321-CAN,80101100321,801011003,Bruce,Canberra,251,265
80101100322-CAN,80101100322,801011003,Bruce,Canberra,205,220
80101100401-FEN,80101100401,801011004,Charnwood,Fenner,183,184
80101100402-FEN,80101100402,801011004,Charnwood,Fenner,319,306
80101100403-FEN,80101100403,801011004,Charnwood,Fenner,339,340
80101100404-FEN,80101100404,801011004,Charnwood,Fenner,256,252
80101100405-FEN,80101100405,801011004,Charnwood,Fenner,321,314
80101100406-FEN,80101100406,801011004,Charnwood,Fenner,422,415
80101100408-FEN,80101100408,801011004,Charnwood,Fenner,115,113
80101100409-FEN,80101100409,801011004,Charnwood,Fenner,239,244
80101100501-CAN,80101100501,801011005,Cook,Canberra,214,222
80101100502-CAN,80101100502,801011005,Cook,Canberra,344,348
80101100503-CAN,80101100503,801011005,Cook,Canberra,240,237
80101100504-CAN,80101100504,801011005,Cook,Canberra,284,280
80101100505-CAN,80101100505,801011005,Cook,Canberra,306,293
80101100506-CAN,80101100506,801011005,Cook,Canberra,172,186
80101100507-CAN,80101100507,801011005,Cook,Canberra,241,249
80101100508-CAN,80101100508,801011005,Cook,Canberra,165,173
80101100509-CAN,80101100509,801011005,Cook,Canberra,292,304
80101100602-FEN,80101100602,801011006,Dunlop,Fenner,132,136
80101100604-FEN,80101100604,801011006,Dunlop,Fenner,197,193
80101100605-FEN,80101100605,801011006,Dunlop,Fenner,270,277
80101100606-FEN,80101100606,801011006,Dunlop,Fenner,232,230
80101100607-FEN,80101100607,801011006,Dunlop,Fenner,299,301
80101100608-FEN,80101100608,801011006,Dunlop,Fenner,333,305
80101100609-FEN,80101100609,801011006,Dunlop,Fenner,275,291
80101100610-FEN,80101100610,801011006,Dunlop,Fenner,265,269
80101100611-FEN,80101100611,801011006,Dunlop,Fenner,306,329
80101100612-FEN,80101100612,801011006,Dunlop,Fenner,400,403
80101100613-FEN,80101100613,801011006,Dunlop,Fenner,181,184
80101100614-FEN,80101100614,801011006,Dunlop,Fenner,252,240
80101100615-FEN,80101100615,801011006,Dunlop,Fenner,167,166
80101100616-FEN,80101100616,801011006,Dunlop,Fenner,371,395
80101100617-FEN,80101100617,801011006,Dunlop,Fenner,281,265
80101100618-FEN,80101100618,801011006,Dunlop,Fenner,239,257
80101100619-FEN,80101100619,801011006,Dunlop,Fenner,117,116
80101100620-FEN,80101100620,801011006,Dunlop,Fenner,268,265
80101100621-FEN,80101100621,801011006,Dunlop,Fenner,0,0
80101100622-FEN,80101100622,801011006,Dunlop,Fenner,181,186
80101100623-FEN,80101100623,801011006,Dunlop,Fenner,255,256
80101100701-FEN,80101100701,801011007,Evatt,Fenner,364,367
80101100702-FEN,80101100702,801011007,Evatt,Fenner,196,207
80101100703-FEN,80101100703,801011007,Evatt,Fenner,371,350
80101100704-FEN,80101100704,801011007,Evatt,Fenner,143,137
80101100705-FEN,80101100705,801011007,Evatt,Fenner,324,316
80101100706-FEN,80101100706,801011007,Evatt,Fenner,272,286
80101100707-FEN,80101100707,801011007,Evatt,Fenner,362,371
80101100708-FEN,80101100708,801011007,Evatt,Fenner,213,212
80101100709-FEN,80101100709,801011007,Evatt,Fenner,225,235
80101100710-FEN,80101100710,801011007,Evatt,Fenner,288,269
80101100711-FEN,80101100711,801011007,Evatt,Fenner,408,433
80101100712-FEN,80101100712,801011007,Evatt,Fenner,293,312
80101100713-FEN,80101100713,801011007,Evatt,Fenner,230,229
80101100714-FEN,80101100714,801011007,Evatt,Fenner,197,206
80101100801-FEN,80101100801,801011008,Florey,Fenner,272,260
80101100802-FEN,80101100802,801011008,Florey,Fenner,336,329
80101100803-FEN,80101100803,801011008,Florey,Fenner,294,306
80101100804-FEN,80101100804,801011008,Florey,Fenner,195,202
80101100805-FEN,80101100805,801011008,Florey,Fenner,346,348
80101100806-FEN,80101100806,801011008,Florey,Fenner,268,266
80101100807-FEN,80101100807,801011008,Florey,Fenner,414,404
80101100808-FEN,80101100808,801011008,Florey,Fenner,196,199
80101100809-FEN,80101100809,801011008,Florey,Fenner,391,392
80101100810-FEN,80101100810,801011008,Florey,Fenner,269,268
80101100811-FEN,80101100811,801011008,Florey,Fenner,172,183
80101100812-FEN,80101100812,801011008,Florey,Fenner,289,280
80101100901-FEN,80101100901,801011009,Flynn (ACT),Fenner,268,271
80101100902-FEN,80101100902,801011009,Flynn (ACT),Fenner,199,198
80101100903-FEN,80101100903,801011009,Flynn (ACT),Fenner,309,309
80101100904-FEN,80101100904,801011009,Flynn (ACT),Fenner,278,287
80101100905-FEN,80101100905,801011009,Flynn (ACT),Fenner,243,249
80101100906-FEN,80101100906,801011009,Flynn (ACT),Fenner,362,369
80101100907-FEN,80101100907,801011009,Flynn (ACT),Fenner,191,186
80101100908-FEN,80101100908,801011009,Flynn (ACT),Fenner,265,281
80101100909-FEN,80101100909,801011009,Flynn (ACT),Fenner,213,217
80101100910-FEN,80101100910,801011009,Flynn (ACT),Fenner,255,261
80101101001-FEN,80101101001,801011010,Fraser,Fenner,297,309
80101101002-FEN,80101101002,801011010,Fraser,Fenner,264,259
80101101003-FEN,80101101003,801011010,Fraser,Fenner,343,329
80101101004-FEN,80101101004,801011010,Fraser,Fenner,284,272
80101101005-FEN,80101101005,801011010,Fraser,Fenner,419,376
80101101101-CAN,80101101101,801011011,Giralang,Canberra,506,525
80101101102-CAN,80101101102,801011011,Giralang,Canberra,258,257
80101101103-CAN,80101101103,801011011,Giralang,Canberra,461,457
80101101104-CAN,80101101104,801011011,Giralang,Canberra,328,347
80101101105-CAN,80101101105,801011011,Giralang,Canberra,210,204
80101101106-CAN,80101101106,801011011,Giralang,Canberra,166,167
80101101107-CAN,80101101107,801011011,Giralang,Canberra,13,13
80101101108-CAN,80101101108,801011011,Giralang,Canberra,143,140
80101101109-CAN,80101101109,801011011,Giralang,Canberra,192,202
80101101110-CAN,80101101110,801011011,Giralang,Canberra,178,187
80101101202-FEN,80101101202,801011012,Gooromon,Fenner,0,0
80101101203-FEN,80101101203,801011012,Gooromon,Fenner,2,2
80101101301-CAN,80101101301,801011013,Hawker,Canberra,174,170
80101101302-CAN,80101101302,801011013,Hawker,Canberra,298,288
80101101303-CAN,80101101303,801011013,Hawker,Canberra,319,320
80101101304-CAN,80101101304,801011013,Hawker,Canberra,236,240
80101101305-CAN,80101101305,801011013,Hawker,Canberra,314,309
80101101306-CAN,80101101306,801011013,Hawker,Canberra,253,247
80101101307-CAN,80101101307,801011013,Hawker,Canberra,167,169
80101101308-CAN,80101101308,801011013,Hawker,Canberra,265,267
80101101309-CAN,80101101309,801011013,Hawker,Canberra,0,0
80101101310-CAN,80101101310,801011013,Hawker,Canberra,203,194
80101101401-FEN,80101101401,801011014,Higgins,Fenner,373,385
80101101402-FEN,80101101402,801011014,Higgins,Fenner,361,371
80101101403-FEN,80101101403,801011014,Higgins,Fenner,444,482
80101101404-FEN,80101101404,801011014,Higgins,Fenner,371,363
80101101405-FEN,80101101405,801011014,Higgins,Fenner,291,293
80101101406-FEN,80101101406,801011014,Higgins,Fenner,198,201
80101101407-FEN,80101101407,801011014,Higgins,Fenner,435,434
80101101502-FEN,80101101502,801011015,Holt,Fenner,201,215
80101101503-FEN,80101101503,801011015,Holt,Fenner,235,220
80101101504-FEN,80101101504,801011015,Holt,Fenner,259,280
80101101505-FEN,80101101505,801011015,Holt,Fenner,395,440
80101101506-FEN,80101101506,801011015,Holt,Fenner,269,282
80101101508-FEN,80101101508,801011015,Holt,Fenner,256,276
80101101509-FEN,80101101509,801011015,Holt,Fenner,285,326
80101101510-FEN,80101101510,801011015,Holt,Fenner,262,301
80101101511-FEN,80101101511,801011015,Holt,Fenner,182,202
80101101512-FEN,80101101512,801011015,Holt,Fenner,213,231
80101101513-FEN,80101101513,801011015,Holt,Fenner,187,198
80101101514-FEN,80101101514,801011015,Holt,Fenner,0,0
80101101515-FEN,80101101515,801011015,Holt,Fenner,321,359
80101101516-FEN,80101101516,801011015,Holt,Fenner,491,579
80101101517-FEN,80101101517,801011015,Holt,Fenner,514,555
80101101601-CAN,80101101601,801011016,Kaleen,Canberra,317,327
80101101602-CAN,80101101602,801011016,Kaleen,Canberra,154,156
80101101603-CAN,80101101603,801011016,Kaleen,Canberra,359,362
80101101604-CAN,80101101604,801011016,Kaleen,Canberra,297,294
80101101605-CAN,80101101605,801011016,Kaleen,Canberra,269,289
80101101606-CAN,80101101606,801011016,Kaleen,Canberra,374,376
80101101607-CAN,80101101607,801011016,Kaleen,Canberra,198,203
80101101608-CAN,80101101608,801011016,Kaleen,Canberra,56,55
80101101609-CAN,80101101609,801011016,Kaleen,Canberra,322,322
80101101610-CAN,80101101610,801011016,Kaleen,Canberra,182,180
80101101611-CAN,80101101611,801011016,Kaleen,Canberra,252,252
80101101612-CAN,80101101612,801011016,Kaleen,Canberra,387,371
80101101613-CAN,80101101613,801011016,Kaleen,Canberra,361,346
80101101614-CAN,80101101614,801011016,Kaleen,Canberra,313,304
80101101615-CAN,80101101615,801011016,Kaleen,Canberra,325,302
80101101616-CAN,80101101616,801011016,Kaleen,Canberra,373,380
80101101617-CAN,80101101617,801011016,Kaleen,Canberra,299,286
80101101618-CAN,80101101618,801011016,Kaleen,Canberra,265,245
80101101619-CAN,80101101619,801011016,Kaleen,Canberra,332,347
80101101701-FEN,80101101701,801011017,Latham,Fenner,241,260
80101101702-FEN,80101101702,801011017,Latham,Fenner,372,344
80101101703-FEN,80101101703,801011017,Latham,Fenner,466,452
80101101704-FEN,80101101704,801011017,Latham,Fenner,238,221
80101101705-FEN,80101101705,801011017,Latham,Fenner,270,263
80101101706-FEN,80101101706,801011017,Latham,Fenner,437,439
80101101707-FEN,80101101707,801011017,Latham,Fenner,311,309
80101101708-FEN,80101101708,801011017,Latham,Fenner,130,119
80101101709-FEN,80101101709,801011017,Latham,Fenner,259,250
80101101802-CAN,80101101802,801011018,Lawson,Canberra,0,0
80101101805-CAN,80101101805,801011018,Lawson,Canberra,282,292
80101101806-CAN,80101101806,801011018,Lawson,Canberra,133,140
80101101807-CAN,80101101807,801011018,Lawson,Canberra,308,305
80101101808-CAN,80101101808,801011018,Lawson,Canberra,190,194
80101101809-CAN,80101101809,801011018,Lawson,Canberra,144,171
80101101810-CAN,80101101810,801011018,Lawson,Canberra,220,229
80101101902-FEN,80101101902,801011019,Macgregor (ACT),Fenner,396,371
80101101904-FEN,80101101904,801011019,Macgregor (ACT),Fenner,276,272
80101101905-FEN,80101101905,801011019,Macgregor (ACT),Fenner,322,324
80101101906-FEN,80101101906,801011019,Macgregor (ACT),Fenner,220,237
80101101907-FEN,80101101907,801011019,Macgregor (ACT),Fenner,418,425
80101101908-FEN,80101101908,801011019,Macgregor (ACT),Fenner,384,390
80101101909-FEN,80101101909,801011019,Macgregor (ACT),Fenner,318,308
80101101910-FEN,80101101910,801011019,Macgregor (ACT),Fenner,273,254
80101101911-FEN,80101101911,801011019,Macgregor (ACT),Fenner,344,382
80101101912-FEN,80101101912,801011019,Macgregor (ACT),Fenner,264,252
80101101913-FEN,80101101913,801011019,Macgregor (ACT),Fenner,286,313
80101101914-FEN,80101101914,801011019,Macgregor (ACT),Fenner,162,171
80101101915-FEN,80101101915,801011019,Macgregor (ACT),Fenner,198,219
80101101916-FEN,80101101916,801011019,Macgregor (ACT),Fenner,191,182
80101101917-FEN,80101101917,801011019,Macgregor (ACT),Fenner,175,165
80101101918-FEN,80101101918,801011019,Macgregor (ACT),Fenner,177,173
80101101919-FEN,80101101919,801011019,Macgregor (ACT),Fenner,240,231
80101102001-CAN,80101102001,801011020,Macquarie,Canberra,218,223
80101102002-CAN,80101102002,801011020,Macquarie,Canberra,274,261
80101102003-CAN,80101102003,801011020,Macquarie,Canberra,181,175
80101102004-CAN,80101102004,801011020,Macquarie,Canberra,179,187
80101102005-CAN,80101102005,801011020,Macquarie,Canberra,576,571
80101102006-CAN,80101102006,801011020,Macquarie,Canberra,193,184
80101102007-CAN,80101102007,801011020,Macquarie,Canberra,256,256
80101102008-CAN,80101102008,801011020,Macquarie,Canberra,318,355
80101102101-FEN,80101102101,801011021,McKellar,Fenner,440,405
80101102102-FEN,80101102102,801011021,McKellar,Fenner,278,261
80101102103-FEN,80101102103,801011021,McKellar,Fenner,423,387
80101102104-FEN,80101102104,801011021,McKellar,Fenner,347,334
80101102105-FEN,80101102105,801011021,McKellar,Fenner,507,502
80101102201-FEN,80101102201,801011022,Melba,Fenner,150,153
80101102202-FEN,80101102202,801011022,Melba,Fenner,240,260
80101102203-FEN,80101102203,801011022,Melba,Fenner,346,315
80101102204-FEN,80101102204,801011022,Melba,Fenner,388,385
80101102205-FEN,80101102205,801011022,Melba,Fenner,443,442
80101102206-FEN,80101102206,801011022,Melba,Fenner,229,230
80101102207-FEN,80101102207,801011022,Melba,Fenner,348,348
80101102208-FEN,80101102208,801011022,Melba,Fenner,229,232
80101102301-FEN,80101102301,801011023,Page,Fenner,353,356
80101102302-FEN,80101102302,801011023,Page,Fenner,161,148
80101102303-FEN,80101102303,801011023,Page,Fenner,322,347
80101102304-FEN,80101102304,801011023,Page,Fenner,324,322
80101102305-FEN,80101102305,801011023,Page,Fenner,227,226
80101102306-FEN,80101102306,801011023,Page,Fenner,266,298
80101102307-FEN,80101102307,801011023,Page,Fenner,365,366
80101102401-FEN,80101102401,801011024,Scullin,Fenner,185,173
80101102402-FEN,80101102402,801011024,Scullin,Fenner,392,367
80101102403-FEN,80101102403,801011024,Scullin,Fenner,285,255
80101102404-FEN,80101102404,801011024,Scullin,Fenner,199,189
80101102405-FEN,80101102405,801011024,Scullin,Fenner,196,173
80101102406-FEN,80101102406,801011024,Scullin,Fenner,297,276
80101102407-FEN,80101102407,801011024,Scullin,Fenner,183,177
80101102408-FEN,80101102408,801011024,Scullin,Fenner,337,329
80101102501-FEN,80101102501,801011025,Spence,Fenner,257,235
80101102502-FEN,80101102502,801011025,Spence,Fenner,299,271
80101102503-FEN,80101102503,801011025,Spence,Fenner,409,372
80101102504-FEN,80101102504,801011025,Spence,Fenner,378,354
80101102505-FEN,80101102505,801011025,Spence,Fenner,217,198
80101102506-FEN,80101102506,801011025,Spence,Fenner,435,429
80101102601-CAN,80101102601,801011026,Weetangera,Canberra,260,258
80101102602-CAN,80101102602,801011026,Weetangera,Canberra,145,151
80101102603-CAN,80101102603,801011026,Weetangera,Canberra,302,308
80101102604-CAN,80101102604,801011026,Weetangera,Canberra,372,376
80101102605-CAN,80101102605,801011026,Weetangera,Canberra,199,205
80101102606-CAN,80101102606,801011026,Weetangera,Canberra,466,516
80101102607-CAN,80101102607,801011026,Weetangera,Canberra,298,295
80101111101-CAN,80101111101,801011111,Molonglo Corridor,Canberra,3,3
80101111101-FEN,80101111101,801011111,Molonglo Corridor,Fenner,9,9
80101114201-FEN,80101114201,801011142,Macnamara,Fenner,20,20
80101114301-FEN,80101114301,801011143,Strathnairn,Fenner,852,1917
80101114302-FEN,80101114302,801011143,Strathnairn,Fenner,462,472
80101114401-FEN,80101114401,801011144,West Belconnen,Fenner,3,3
80103103102-BEA,80103103102,801031031,Hume,Bean,11,11
80103103103-BEA,80103103103,801031031,Hume,Bean,4,4
80103103201-CAN,80103103201,801031032,Kowen,Canberra,15,15
80103111301-CAN,80103111301,801031113,Canberra East,Canberra,227,243
80103111302-BEA,80103111302,801031113,Canberra East,Bean,200,219
80103111303-BEA,80103111303,801031113,Canberra East,Bean,2,2
80103111304-BEA,80103111304,801031113,Canberra East,Bean,16,19
80103111305-BEA,80103111305,801031113,Canberra East,Bean,27,27
80103111305-CAN,80103111305,801031113,Canberra East,Canberra,0,0
80103111306-CAN,80103111306,801031113,Canberra East,Canberra,1,1
80103111307-CAN,80103111307,801031113,Canberra East,Canberra,154,160
80103111308-BEA,80103111308,801031113,Canberra East,Bean,0,0
80103111309-BEA,80103111309,801031113,Canberra East,Bean,8,9
80103111401-CAN,80103111401,801031114,Canberra Airport,Canberra,36,36
80103111501-CAN,80103111501,801031115,Majura,Canberra,0,0
80103111502-CAN,80103111502,801031115,Majura,Canberra,79,62
80103111503-CAN,80103111503,801031115,Majura,Canberra,3,2
80103111504-CAN,80103111504,801031115,Majura,Canberra,21,17
80103111505-CAN,80103111505,801031115,Majura,Canberra,9,7
80103111506-CAN,80103111506,801031115,Majura,Canberra,14,10
80103111507-CAN,80103111507,801031115,Majura,Canberra,0,0
80104103401-FEN,80104103401,801041034,Amaroo,Fenner,280,250
80104103402-FEN,80104103402,801041034,Amaroo,Fenner,142,126
80104103403-FEN,80104103403,801041034,Amaroo,Fenner,329,301
80104103404-FEN,80104103404,801041034,Amaroo,Fenner,297,290
80104103405-FEN,80104103405,801041034,Amaroo,Fenner,309,294
80104103406-FEN,80104103406,801041034,Amaroo,Fenner,264,245
80104103407-FEN,80104103407,801041034,Amaroo,Fenner,182,180
80104103408-FEN,80104103408,801041034,Amaroo,Fenner,550,531
80104103409-FEN,80104103409,801041034,Amaroo,Fenner,180,180
80104103410-FEN,80104103410,801041034,Amaroo,Fenner,340,317
80104103411-FEN,80104103411,801041034,Amaroo,Fenner,387,387
80104103412-FEN,80104103412,801041034,Amaroo,Fenner,355,370
80104103413-FEN,80104103413,801041034,Amaroo,Fenner,287,269
80104103414-FEN,80104103414,801041034,Amaroo,Fenner,162,154
80104103501-FEN,80104103501,801041035,Bonner,Fenner,196,181
80104103505-FEN,80104103505,801041035,Bonner,Fenner,168,161
80104103506-FEN,80104103506,801041035,Bonner,Fenner,243,245
80104103507-FEN,80104103507,801041035,Bonner,Fenner,236,239
80104103508-FEN,80104103508,801041035,Bonner,Fenner,174,174
80104103509-FEN,80104103509,801041035,Bonner,Fenner,243,240
80104103510-FEN,80104103510,801041035,Bonner,Fenner,300,301
80104103511-FEN,80104103511,801041035,Bonner,Fenner,196,197
80104103512-FEN,80104103512,801041035,Bonner,Fenner,317,363
80104103513-FEN,80104103513,801041035,Bonner,Fenner,205,196
80104103514-FEN,80104103514,801041035,Bonner,Fenner,210,207
80104103515-FEN,80104103515,801041035,Bonner,Fenner,228,225
80104103516-FEN,80104103516,801041035,Bonner,Fenner,302,313
80104103517-FEN,80104103517,801041035,Bonner,Fenner,168,197
80104103518-FEN,80104103518,801041035,Bonner,Fenner,254,270
80104103519-FEN,80104103519,801041035,Bonner,Fenner,185,196
80104103520-FEN,80104103520,801041035,Bonner,Fenner,183,195
80104103521-FEN,80104103521,801041035,Bonner,Fenner,0,0
80104103522-FEN,80104103522,801041035,Bonner,Fenner,232,223
80104103601-FEN,80104103601,801041036,Casey,Fenner,320,337
80104103604-FEN,80104103604,801041036,Casey,Fenner,350,423
80104103605-FEN,80104103605,801041036,Casey,Fenner,170,181
80104103606-FEN,80104103606,801041036,Casey,Fenner,243,252
80104103607-FEN,80104103607,801041036,Casey,Fenner,223,271
80104103608-FEN,80104103608,801041036,Casey,Fenner,361,372
80104103609-FEN,80104103609,801041036,Casey,Fenner,339,352
80104103610-FEN,80104103610,801041036,Casey,Fenner,188,176
80104103611-FEN,80104103611,801041036,Casey,Fenner,188,197
80104103612-FEN,80104103612,801041036,Casey,Fenner,125,133
80104103613-FEN,80104103613,801041036,Casey,Fenner,256,261
80104103614-FEN,80104103614,801041036,Casey,Fenner,210,231
80104103615-FEN,80104103615,801041036,Casey,Fenner,369,416
80104103616-FEN,80104103616,801041036,Casey,Fenner,358,363
80104103617-FEN,80104103617,801041036,Casey,Fenner,240,224
80104103618-FEN,80104103618,801041036,Casey,Fenner,181,178
80104103702-FEN,80104103702,801041037,Crace,Fenner,243,238
80104103703-FEN,80104103703,801041037,Crace,Fenner,250,248
80104103704-FEN,80104103704,801041037,Crace,Fenner,308,336
80104103705-FEN,80104103705,801041037,Crace,Fenner,110,109
80104103706-FEN,80104103706,801041037,Crace,Fenner,188,190
80104103707-FEN,80104103707,801041037,Crace,Fenner,181,179
80104103708-FEN,80104103708,801041037,Crace,Fenner,338,372
80104103709-FEN,80104103709,801041037,Crace,Fenner,0,0
80104103710-FEN,80104103710,801041037,Crace,Fenner,260,265
80104103711-FEN,80104103711,801041037,Crace,Fenner,368,386
80104103712-FEN,80104103712,801041037,Crace,Fenner,207,205
80104103713-FEN,80104103713,801041037,Crace,Fenner,210,213
80104103714-FEN,80104103714,801041037,Crace,Fenner,275,269
80104103804-FEN,80104103804,801041038,Forde,Fenner,296,277
80104103805-FEN,80104103805,801041038,Forde,Fenner,233,229
80104103806-FEN,80104103806,801041038,Forde,Fenner,194,197
80104103807-FEN,80104103807,801041038,Forde,Fenner,212,193
80104103808-FEN,80104103808,801041038,Forde,Fenner,252,232
80104103809-FEN,80104103809,801041038,Forde,Fenner,205,190
80104103810-FEN,80104103810,801041038,Forde,Fenner,227,214
80104103811-FEN,80104103811,801041038,Forde,Fenner,181,192
80104103812-FEN,80104103812,801041038,Forde,Fenner,311,348
80104103813-FEN,80104103813,801041038,Forde,Fenner,235,219
80104103814-FEN,80104103814,801041038,Forde,Fenner,224,219
80104103815-FEN,80104103815,801041038,Forde,Fenner,266,240
80104103907-FEN,80104103907,801041039,Franklin,Fenner,139,137
80104103908-FEN,80104103908,801041039,Franklin,Fenner,113,104
80104103910-FEN,80104103910,801041039,Franklin,Fenner,258,255
80104103911-FEN,80104103911,801041039,Franklin,Fenner,93,91
80104103912-FEN,80104103912,801041039,Franklin,Fenner,235,231
80104103913-FEN,80104103913,801041039,Franklin,Fenner,88,91
80104103914-FEN,80104103914,801041039,Franklin,Fenner,279,288
80104103915-FEN,80104103915,801041039,Franklin,Fenner,179,189
80104103916-FEN,80104103916,801041039,Franklin,Fenner,157,153
80104103917-FEN,80104103917,801041039,Franklin,Fenner,75,73
80104103918-FEN,80104103918,801041039,Franklin,Fenner,64,63
80104103919-FEN,80104103919,801041039,Franklin,Fenner,131,136
80104103920-FEN,80104103920,801041039,Franklin,Fenner,98,89
80104103921-FEN,80104103921,801041039,Franklin,Fenner,162,152
80104103922-FEN,80104103922,801041039,Franklin,Fenner,222,237
80104103923-FEN,80104103923,801041039,Franklin,Fenner,276,290
80104103924-FEN,80104103924,801041039,Franklin,Fenner,222,233
80104103925-FEN,80104103925,801041039,Franklin,Fenner,215,207
80104103926-FEN,80104103926,801041039,Franklin,Fenner,98,90
80104103927-FEN,80104103927,801041039,Franklin,Fenner,300,299
80104103928-FEN,80104103928,801041039,Franklin,Fenner,173,183
80104103929-FEN,80104103929,801041039,Franklin,Fenner,120,131
80104104001-FEN,80104104001,801041040,Gungahlin,Fenner,337,388
80104104002-FEN,80104104002,801041040,Gungahlin,Fenner,265,294
80104104005-FEN,80104104005,801041040,Gungahlin,Fenner,252,268
80104104006-FEN,80104104006,801041040,Gungahlin,Fenner,197,230
80104104007-FEN,80104104007,801041040,Gungahlin,Fenner,265,297
80104104008-FEN,80104104008,801041040,Gungahlin,Fenner,339,395
80104104011-FEN,80104104011,801041040,Gungahlin,Fenner,0,0
80104104013-FEN,80104104013,801041040,Gungahlin,Fenner,189,221
80104104014-FEN,80104104014,801041040,Gungahlin,Fenner,213,263
80104104015-FEN,80104104015,801041040,Gungahlin,Fenner,244,289
80104104017-FEN,80104104017,801041040,Gungahlin,Fenner,187,209
80104104018-FEN,80104104018,801041040,Gungahlin,Fenner,127,153
80104104019-FEN,80104104019,801041040,Gungahlin,Fenner,137,147
80104104020-FEN,80104104020,801041040,Gungahlin,Fenner,0,0
80104104021-FEN,80104104021,801041040,Gungahlin,Fenner,178,201
80104104022-FEN,80104104022,801041040,Gungahlin,Fenner,102,111
80104104023-FEN,80104104023,801041040,Gungahlin,Fenner,0,0
80104104024-FEN,80104104024,801041040,Gungahlin,Fenner,164,191
80104104025-FEN,80104104025,801041040,Gungahlin,Fenner,161,174
80104104026-FEN,80104104026,801041040,Gungahlin,Fenner,293,331
80104104027-FEN,80104104027,801041040,Gungahlin,Fenner,197,216
80104104028-FEN,80104104028,801041040,Gungahlin,Fenner,167,158
80104104029-FEN,80104104029,801041040,Gungahlin,Fenner,161,191
80104104030-FEN,80104104030,801041040,Gungahlin,Fenner,327,363
80104104031-FEN,80104104031,801041040,Gungahlin,Fenner,349,380
80104104032-FEN,80104104032,801041040,Gungahlin,Fenner,110,144
80104104301-FEN,80104104301,801041043,Hall,Fenner,248,253
80104104302-FEN,80104104302,801041043,Hall,Fenner,0,0
80104104401-FEN,80104104401,801041044,Harrison,Fenner,340,309
80104104402-FEN,80104104402,801041044,Harrison,Fenner,363,343
80104104404-FEN,80104104404,801041044,Harrison,Fenner,366,352
80104104405-FEN,80104104405,801041044,Harrison,Fenner,289,255
80104104409-FEN,80104104409,801041044,Harrison,Fenner,204,194
80104104410-FEN,80104104410,801041044,Harrison,Fenner,69,64
80104104411-FEN,80104104411,801041044,Harrison,Fenner,206,183
80104104412-FEN,80104104412,801041044,Harrison,Fenner,148,135
80104104413-FEN,80104104413,801041044,Harrison,Fenner,239,253
80104104414-FEN,80104104414,801041044,Harrison,Fenner,142,144
80104104415-FEN,80104104415,801041044,Harrison,Fenner,204,187
80104104416-FEN,80104104416,801041044,Harrison,Fenner,252,232
80104104417-FEN,80104104417,801041044,Harrison,Fenner,225,230
80104104418-FEN,80104104418,801041044,Harrison,Fenner,212,193
80104104419-FEN,80104104419,801041044,Harrison,Fenner,109,98
80104104420-FEN,80104104420,801041044,Harrison,Fenner,285,244
80104104421-FEN,80104104421,801041044,Harrison,Fenner,155,141
80104104422-FEN,80104104422,801041044,Harrison,Fenner,1,1
80104104423-FEN,80104104423,801041044,Harrison,Fenner,219,211
80104104424-FEN,80104104424,801041044,Harrison,Fenner,244,225
80104104425-FEN,80104104425,801041044,Harrison,Fenner,5,5
80104104426-FEN,80104104426,801041044,Harrison,Fenner,234,208
80104104502-FEN,80104104502,801041045,Mitchell,Fenner,0,0
80104104503-FEN,80104104503,801041045,Mitchell,Fenner,0,0
80104104504-FEN,80104104504,801041045,Mitchell,Fenner,1,1
80104104601-FEN,80104104601,801041046,Ngunnawal,Fenner,162,171
80104104602-FEN,80104104602,801041046,Ngunnawal,Fenner,262,264
80104104603-FEN,80104104603,801041046,Ngunnawal,Fenner,182,198
80104104604-FEN,80104104604,801041046,Ngunnawal,Fenner,191,187
80104104605-FEN,80104104605,801041046,Ngunnawal,Fenner,192,187
80104104606-FEN,80104104606,801041046,Ngunnawal,Fenner,232,254
80104104607-FEN,80104104607,801041046,Ngunnawal,Fenner,151,151
80104104609-FEN,80104104609,801041046,Ngunnawal,Fenner,193,185
80104104612-FEN,80104104612,801041046,Ngunnawal,Fenner,150,170
80104104613-FEN,80104104613,801041046,Ngunnawal,Fenner,240,251
80104104614-FEN,80104104614,801041046,Ngunnawal,Fenner,214,229
80104104616-FEN,80104104616,801041046,Ngunnawal,Fenner,138,149
80104104617-FEN,80104104617,801041046,Ngunnawal,Fenner,362,366
80104104618-FEN,80104104618,801041046,Ngunnawal,Fenner,251,257
80104104619-FEN,80104104619,801041046,Ngunnawal,Fenner,246,243
80104104620-FEN,80104104620,801041046,Ngunnawal,Fenner,228,259
80104104621-FEN,80104104621,801041046,Ngunnawal,Fenner,235,252
80104104622-FEN,80104104622,801041046,Ngunnawal,Fenner,231,256
80104104623-FEN,80104104623,801041046,Ngunnawal,Fenner,374,374
80104104624-FEN,80104104624,801041046,Ngunnawal,Fenner,0,0
80104104625-FEN,80104104625,801041046,Ngunnawal,Fenner,298,311
80104104626-FEN,80104104626,801041046,Ngunnawal,Fenner,237,251
80104104627-FEN,80104104627,801041046,Ngunnawal,Fenner,242,250
80104104628-FEN,80104104628,801041046,Ngunnawal,Fenner,221,221
80104104629-FEN,80104104629,801041046,Ngunnawal,Fenner,221,219
80104104630-FEN,80104104630,801041046,Ngunnawal,Fenner,216,231
80104104631-FEN,80104104631,801041046,Ngunnawal,Fenner,184,205
80104104632-FEN,80104104632,801041046,Ngunnawal,Fenner,312,302
80104104633-FEN,80104104633,801041046,Ngunnawal,Fenner,248,259
80104104634-FEN,80104104634,801041046,Ngunnawal,Fenner,228,245
80104104635-FEN,80104104635,801041046,Ngunnawal,Fenner,183,201
80104104636-FEN,80104104636,801041046,Ngunnawal,Fenner,205,199
80104104637-FEN,80104104637,801041046,Ngunnawal,Fenner,221,221
80104104701-FEN,80104104701,801041047,Nicholls,Fenner,207,198
80104104702-FEN,80104104702,801041047,Nicholls,Fenner,305,281
80104104703-FEN,80104104703,801041047,Nicholls,Fenner,345,326
80104104704-FEN,80104104704,801041047,Nicholls,Fenner,176,166
80104104705-FEN,80104104705,801041047,Nicholls,Fenner,309,297
80104104706-FEN,80104104706,801041047,Nicholls,Fenner,243,233
80104104707-FEN,80104104707,801041047,Nicholls,Fenner,156,159
80104104708-FEN,80104104708,801041047,Nicholls,Fenner,243,225
80104104709-FEN,80104104709,801041047,Nicholls,Fenner,196,192
80104104710-FEN,80104104710,801041047,Nicholls,Fenner,319,292
80104104711-FEN,80104104711,801041047,Nicholls,Fenner,325,288
80104104712-FEN,80104104712,801041047,Nicholls,Fenner,189,180
80104104713-FEN,80104104713,801041047,Nicholls,Fenner,321,306
80104104714-FEN,80104104714,801041047,Nicholls,Fenner,0,0
80104104715-FEN,80104104715,801041047,Nicholls,Fenner,213,198
80104104716-FEN,80104104716,801041047,Nicholls,Fenner,324,325
80104104717-FEN,80104104717,801041047,Nicholls,Fenner,412,393
80104104718-FEN,80104104718,801041047,Nicholls,Fenner,364,366
80104104719-FEN,80104104719,801041047,Nicholls,Fenner,333,321
80104104801-FEN,80104104801,801041048,Palmerston,Fenner,231,254
80104104802-FEN,80104104802,801041048,Palmerston,Fenner,351,359
80104104803-FEN,80104104803,801041048,Palmerston,Fenner,212,229
80104104804-FEN,80104104804,801041048,Palmerston,Fenner,236,244
80104104805-FEN,80104104805,801041048,Palmerston,Fenner,337,335
80104104806-FEN,80104104806,801041048,Palmerston,Fenner,223,240
80104104807-FEN,80104104807,801041048,Palmerston,Fenner,229,242
80104104808-FEN,80104104808,801041048,Palmerston,Fenner,243,233
80104104809-FEN,80104104809,801041048,Palmerston,Fenner,352,361
80104104810-FEN,80104104810,801041048,Palmerston,Fenner,242,248
80104104811-FEN,80104104811,801041048,Palmerston,Fenner,256,267
80104104812-FEN,80104104812,801041048,Palmerston,Fenner,373,366
80104104813-FEN,80104104813,801041048,Palmerston,Fenner,191,197
80104104814-FEN,80104104814,801041048,Palmerston,Fenner,397,411
80104111601-FEN,80104111601,801041116,Gungahlin - East,Fenner,0,0
80104111702-FEN,80104111702,801041117,Gungahlin - West,Fenner,0,0
80104111801-FEN,80104111801,801041118,Jacka,Fenner,358,346
80104111803-FEN,80104111803,801041118,Jacka,Fenner,11,11
80104111901-FEN,80104111901,801041119,Kenny,Fenner,5,5
80104112001-FEN,80104112001,801041120,Moncrieff,Fenner,216,277
80104112003-FEN,80104112003,801041120,Moncrieff,Fenner,304,389
80104112005-FEN,80104112005,801041120,Moncrieff,Fenner,204,233
80104112006-FEN,80104112006,801041120,Moncrieff,Fenner,248,284
80104112007-FEN,80104112007,801041120,Moncrieff,Fenner,231,267
80104112008-FEN,80104112008,801041120,Moncrieff,Fenner,204,226
80104112009-FEN,80104112009,801041120,Moncrieff,Fenner,192,239
80104112010-FEN,80104112010,801041120,Moncrieff,Fenner,279,324
80104112011-FEN,80104112011,801041120,Moncrieff,Fenner,216,259
80104112012-FEN,80104112012,801041120,Moncrieff,Fenner,272,303
80104112013-FEN,80104112013,801041120,Moncrieff,Fenner,243,267
80104112014-FEN,80104112014,801041120,Moncrieff,Fenner,0,0
80104112015-FEN,80104112015,801041120,Moncrieff,Fenner,230,276
80104112102-FEN,80104112102,801041121,Taylor,Fenner,249,328
80104112103-FEN,80104112103,801041121,Taylor,Fenner,251,660
80104112104-FEN,80104112104,801041121,Taylor,Fenner,173,369
80104112105-FEN,80104112105,801041121,Taylor,Fenner,238,507
80104112106-FEN,80104112106,801041121,Taylor,Fenner,189,403
80104112107-FEN,80104112107,801041121,Taylor,Fenner,336,443
80104112108-FEN,80104112108,801041121,Taylor,Fenner,259,342
80104112109-FEN,80104112109,801041121,Taylor,Fenner,168,358
80104112110-FEN,80104112110,801041121,Taylor,Fenner,510,1476
80104112111-FEN,80104112111,801041121,Taylor,Fenner,212,452
80104112112-FEN,80104112112,801041121,Taylor,Fenner,0,0
80104112113-FEN,80104112113,801041121,Taylor,Fenner,180,384
80104112114-FEN,80104112114,801041121,Taylor,Fenner,268,353
80104112115-FEN,80104112115,801041121,Taylor,Fenner,392,517
80104112202-FEN,80104112202,801041122,Throsby,Fenner,295,403
80104112203-FEN,80104112203,801041122,Throsby,Fenner,180,246
80104112204-FEN,80104112204,801041122,Throsby,Fenner,225,316
80104112205-FEN,80104112205,801041122,Throsby,Fenner,178,252
80104112206-FEN,80104112206,801041122,Throsby,Fenner,189,253
80104112207-FEN,80104112207,801041122,Throsby,Fenner,176,246
80104112208-FEN,80104112208,801041122,Throsby,Fenner,262,373
80104112209-FEN,80104112209,801041122,Throsby,Fenner,241,340
80105104901-CAN,80105104901,801051049,Acton,Canberra,760,784
80105104902-CAN,80105104902,801051049,Acton,Canberra,0,0
80105104903-CAN,80105104903,801051049,Acton,Canberra,0,0
80105104904-CAN,80105104904,801051049,Acton,Canberra,0,0
80105105001-CAN,80105105001,801051050,Ainslie,Canberra,363,337
80105105002-CAN,80105105002,801051050,Ainslie,Canberra,249,256
80105105003-CAN,80105105003,801051050,Ainslie,Canberra,0,0
80105105004-CAN,80105105004,801051050,Ainslie,Canberra,199,214
80105105005-CAN,80105105005,801051050,Ainslie,Canberra,404,415
80105105006-CAN,80105105006,801051050,Ainslie,Canberra,311,312
80105105007-CAN,80105105007,801051050,Ainslie,Canberra,241,245
80105105008-CAN,80105105008,801051050,Ainslie,Canberra,179,183
80105105011-CAN,80105105011,801051050,Ainslie,Canberra,457,440
80105105012-CAN,80105105012,801051050,Ainslie,Canberra,316,313
80105105013-CAN,80105105013,801051050,Ainslie,Canberra,405,407
80105105014-CAN,80105105014,801051050,Ainslie,Canberra,207,210
80105105015-CAN,80105105015,801051050,Ainslie,Canberra,323,317
80105105016-CAN,80105105016,801051050,Ainslie,Canberra,143,141
80105105017-CAN,80105105017,801051050,Ainslie,Canberra,163,175
80105105018-CAN,80105105018,801051050,Ainslie,Canberra,140,143
80105105101-CAN,80105105101,801051051,Braddon,Canberra,466,569
80105105102-CAN,80105105102,801051051,Braddon,Canberra,346,369
80105105105-CAN,80105105105,801051051,Braddon,Canberra,632,686
80105105109-CAN,80105105109,801051051,Braddon,Canberra,496,548
80105105110-CAN,80105105110,801051051,Braddon,Canberra,128,149
80105105111-CAN,80105105111,801051051,Braddon,Canberra,390,419
80105105112-CAN,80105105112,801051051,Braddon,Canberra,198,246
80105105113-CAN,80105105113,801051051,Braddon,Canberra,221,237
80105105114-CAN,80105105114,801051051,Braddon,Canberra,65,73
80105105115-CAN,80105105115,801051051,Braddon,Canberra,380,443
80105105116-CAN,80105105116,801051051,Braddon,Canberra,266,284
80105105117-CAN,80105105117,801051051,Braddon,Canberra,195,225
80105105118-CAN,80105105118,801051051,Braddon,Canberra,203,217
80105105119-CAN,80105105119,801051051,Braddon,Canberra,339,409
80105105120-CAN,80105105120,801051051,Braddon,Canberra,376,393
80105105301-CAN,80105105301,801051053,Civic,Canberra,507,581
80105105302-CAN,80105105302,801051053,Civic,Canberra,294,283
80105105305-CAN,80105105305,801051053,Civic,Canberra,25,26
80105105306-CAN,80105105306,801051053,Civic,Canberra,189,188
80105105307-CAN,80105105307,801051053,Civic,Canberra,111,116
80105105308-CAN,80105105308,801051053,Civic,Canberra,68,69
80105105311-CAN,80105105311,801051053,Civic,Canberra,132,129
80105105312-CAN,80105105312,801051053,Civic,Canberra,318,303
80105105313-CAN,80105105313,801051053,Civic,Canberra,172,172
80105105314-CAN,80105105314,801051053,Civic,Canberra,416,411
80105105404-CAN,80105105404,801051054,Dickson,Canberra,326,409
80105105405-CAN,80105105405,801051054,Dickson,Canberra,107,140
80105105406-CAN,80105105406,801051054,Dickson,Canberra,444,554
80105105407-CAN,80105105407,801051054,Dickson,Canberra,530,674
80105105408-CAN,80105105408,801051054,Dickson,Canberra,450,590
80105105409-CAN,80105105409,801051054,Dickson,Canberra,741,907
80105105410-CAN,80105105410,801051054,Dickson,Canberra,370,474
80105105501-CAN,80105105501,801051055,Downer,Canberra,335,346
80105105502-CAN,80105105502,801051055,Downer,Canberra,220,233
80105105503-CAN,80105105503,801051055,Downer,Canberra,285,291
80105105504-CAN,80105105504,801051055,Downer,Canberra,285,294
80105105505-CAN,80105105505,801051055,Downer,Canberra,411,434
80105105506-CAN,80105105506,801051055,Downer,Canberra,318,343
80105105507-CAN,80105105507,801051055,Downer,Canberra,339,361
80105105508-CAN,80105105508,801051055,Downer,Canberra,412,438
80105105509-CAN,80105105509,801051055,Downer,Canberra,273,280
80105105601-CAN,80105105601,801051056,Hackett,Canberra,437,433
80105105602-CAN,80105105602,801051056,Hackett,Canberra,409,441
80105105603-CAN,80105105603,801051056,Hackett,Canberra,323,329
80105105604-CAN,80105105604,801051056,Hackett,Canberra,331,335
80105105605-CAN,80105105605,801051056,Hackett,Canberra,354,368
80105105606-CAN,80105105606,801051056,Hackett,Canberra,163,179
80105105607-CAN,80105105607,801051056,Hackett,Canberra,328,347
80105105701-CAN,80105105701,801051057,Lyneham,Canberra,294,340
80105105702-CAN,80105105702,801051057,Lyneham,Canberra,172,176
80105105703-CAN,80105105703,801051057,Lyneham,Canberra,229,233
80105105704-CAN,80105105704,801051057,Lyneham,Canberra,241,253
80105105705-CAN,80105105705,801051057,Lyneham,Canberra,377,405
80105105706-CAN,80105105706,801051057,Lyneham,Canberra,297,322
80105105708-CAN,80105105708,801051057,Lyneham,Canberra,363,416
80105105709-CAN,80105105709,801051057,Lyneham,Canberra,297,318
80105105711-CAN,80105105711,801051057,Lyneham,Canberra,582,658
80105105712-CAN,80105105712,801051057,Lyneham,Canberra,411,464
80105105713-CAN,80105105713,801051057,Lyneham,Canberra,265,283
80105105714-CAN,80105105714,801051057,Lyneham,Canberra,210,251
80105105715-CAN,80105105715,801051057,Lyneham,Canberra,202,232
80105105801-CAN,80105105801,801051058,O`Connor (ACT),Canberra,421,431
80105105802-CAN,80105105802,801051058,O`Connor (ACT),Canberra,351,346
80105105803-CAN,80105105803,801051058,O`Connor (ACT),Canberra,328,320
80105105804-CAN,80105105804,801051058,O`Connor (ACT),Canberra,256,269
80105105805-CAN,80105105805,801051058,O`Connor (ACT),Canberra,174,188
80105105806-CAN,80105105806,801051058,O`Connor (ACT),Canberra,206,210
80105105807-CAN,80105105807,801051058,O`Connor (ACT),Canberra,408,428
80105105808-CAN,80105105808,801051058,O`Connor (ACT),Canberra,420,432
80105105809-CAN,80105105809,801051058,O`Connor (ACT),Canberra,282,294
80105105810-CAN,80105105810,801051058,O`Connor (ACT),Canberra,251,249
80105105811-CAN,80105105811,801051058,O`Connor (ACT),Canberra,406,397
80105105812-CAN,80105105812,801051058,O`Connor (ACT),Canberra,292,284
80105105813-CAN,80105105813,801051058,O`Connor (ACT),Canberra,439,423
80105105814-CAN,80105105814,801051058,O`Connor (ACT),Canberra,0,0
80105106003-CAN,80105106003,801051060,Turner,Canberra,516,513
80105106006-CAN,80105106006,801051060,Turner,Canberra,328,352
80105106007-CAN,80105106007,801051060,Turner,Canberra,258,284
80105106008-CAN,80105106008,801051060,Turner,Canberra,256,254
80105106009-CAN,80105106009,801051060,Turner,Canberra,1,1
80105106010-CAN,80105106010,801051060,Turner,Canberra,208,205
80105106011-CAN,80105106011,801051060,Turner,Canberra,297,326
80105106012-CAN,80105106012,801051060,Turner,Canberra,361,366
80105106013-CAN,80105106013,801051060,Turner,Canberra,88,88
80105106014-CAN,80105106014,801051060,Turner,Canberra,402,470
80105106015-CAN,80105106015,801051060,Turner,Canberra,381,380
80105106101-CAN,80105106101,801051061,Watson,Canberra,318,356
80105106102-CAN,80105106102,801051061,Watson,Canberra,256,291
80105106103-CAN,80105106103,801051061,Watson,Canberra,309,338
80105106106-CAN,80105106106,801051061,Watson,Canberra,161,181
80105106107-CAN,80105106107,801051061,Watson,Canberra,244,255
80105106108-CAN,80105106108,801051061,Watson,Canberra,359,411
80105106109-CAN,80105106109,801051061,Watson,Canberra,301,308
80105106110-CAN,80105106110,801051061,Watson,Canberra,270,272
80105106111-CAN,80105106111,801051061,Watson,Canberra,249,265
80105106112-CAN,80105106112,801051061,Watson,Canberra,208,219
80105106113-CAN,80105106113,801051061,Watson,Canberra,174,177
80105106114-CAN,80105106114,801051061,Watson,Canberra,387,361
80105106116-CAN,80105106116,801051061,Watson,Canberra,357,359
80105106117-CAN,80105106117,801051061,Watson,Canberra,0,0
80105106118-CAN,80105106118,801051061,Watson,Canberra,2,2
80105106119-CAN,80105106119,801051061,Watson,Canberra,305,327
80105106120-CAN,80105106120,801051061,Watson,Canberra,636,783
80105106121-CAN,80105106121,801051061,Watson,Canberra,218,261
80105112301-CAN,80105112301,801051123,Black Mountain,Canberra,0,0
80105112401-CAN,80105112401,801051124,Campbell,Canberra,445,540
80105112402-CAN,80105112402,801051124,Campbell,Canberra,312,375
80105112403-CAN,80105112403,801051124,Campbell,Canberra,348,421
80105112404-CAN,80105112404,801051124,Campbell,Canberra,318,375
80105112405-CAN,80105112405,801051124,Campbell,Canberra,300,360
80105112406-CAN,80105112406,801051124,Campbell,Canberra,298,370
80105112407-CAN,80105112407,801051124,Campbell,Canberra,573,742
80105112408-CAN,80105112408,801051124,Campbell,Canberra,198,251
80105112410-CAN,80105112410,801051124,Campbell,Canberra,532,517
80105112411-CAN,80105112411,801051124,Campbell,Canberra,342,381
80105112501-CAN,80105112501,801051125,Duntroon,Canberra,426,483
80105112502-CAN,80105112502,801051125,Duntroon,Canberra,852,992
80105112601-CAN,80105112601,801051126,Parkes (ACT) - North,Canberra,291,294
80105112602-CAN,80105112602,801051126,Parkes (ACT) - North,Canberra,0,0
80105112701-CAN,80105112701,801051127,Reid,Canberra,234,269
80105112702-CAN,80105112702,801051127,Reid,Canberra,592,695
80105112703-CAN,80105112703,801051127,Reid,Canberra,390,466
80105112704-CAN,80105112704,801051127,Reid,Canberra,242,289
80105112801-CAN,80105112801,801051128,Russell,Canberra,0,0
80106106201-CAN,80106106201,801061062,Deakin,Canberra,435,449
80106106202-CAN,80106106202,801061062,Deakin,Canberra,354,365
80106106203-CAN,80106106203,801061062,Deakin,Canberra,0,0
80106106204-CAN,80106106204,801061062,Deakin,Canberra,256,264
80106106205-CAN,80106106205,801061062,Deakin,Canberra,376,361
80106106206-CAN,80106106206,801061062,Deakin,Canberra,195,190
80106106207-CAN,80106106207,801061062,Deakin,Canberra,283,272
80106106208-CAN,80106106208,801061062,Deakin,Canberra,210,201
80106106209-CAN,80106106209,801061062,Deakin,Canberra,235,223
80106106301-CAN,80106106301,801061063,Forrest,Canberra,812,824
80106106302-CAN,80106106302,801061063,Forrest,Canberra,205,220
80106106303-CAN,80106106303,801061063,Forrest,Canberra,318,335
80106106304-CAN,80106106304,801061063,Forrest,Canberra,204,221
80106106401-CAN,80106106401,801061064,Griffith (ACT),Canberra,258,334
80106106402-CAN,80106106402,801061064,Griffith (ACT),Canberra,443,562
80106106403-CAN,80106106403,801061064,Griffith (ACT),Canberra,258,341
80106106405-CAN,80106106405,801061064,Griffith (ACT),Canberra,520,521
80106106407-CAN,80106106407,801061064,Griffith (ACT),Canberra,200,272
80106106409-CAN,80106106409,801061064,Griffith (ACT),Canberra,0,0
80106106410-CAN,80106106410,801061064,Griffith (ACT),Canberra,167,214
80106106411-CAN,80106106411,801061064,Griffith (ACT),Canberra,494,647
80106106413-CAN,80106106413,801061064,Griffith (ACT),Canberra,302,416
80106106414-CAN,80106106414,801061064,Griffith (ACT),Canberra,400,401
80106106415-CAN,80106106415,801061064,Griffith (ACT),Canberra,252,337
80106106416-CAN,80106106416,801061064,Griffith (ACT),Canberra,274,341
80106106417-CAN,80106106417,801061064,Griffith (ACT),Canberra,47,60
80106106418-CAN,80106106418,801061064,Griffith (ACT),Canberra,231,303
80106106419-CAN,80106106419,801061064,Griffith (ACT),Canberra,227,294
80106106420-CAN,80106106420,801061064,Griffith (ACT),Canberra,238,314
80106106601-CAN,80106106601,801061066,Lake Burley Griffin,Canberra,0,0
80106106701-CAN,80106106701,801061067,Narrabundah,Canberra,312,352
80106106702-CAN,80106106702,801061067,Narrabundah,Canberra,231,267
80106106703-CAN,80106106703,801061067,Narrabundah,Canberra,224,241
80106106704-CAN,80106106704,801061067,Narrabundah,Canberra,251,273
80106106705-CAN,80106106705,801061067,Narrabundah,Canberra,233,275
80106106706-CAN,80106106706,801061067,Narrabundah,Canberra,319,364
80106106707-CAN,80106106707,801061067,Narrabundah,Canberra,420,473
80106106708-CAN,80106106708,801061067,Narrabundah,Canberra,324,346
80106106709-CAN,80106106709,801061067,Narrabundah,Canberra,241,226
80106106710-CAN,80106106710,801061067,Narrabundah,Canberra,242,286
80106106712-CAN,80106106712,801061067,Narrabundah,Canberra,273,313
80106106713-CAN,80106106713,801061067,Narrabundah,Canberra,279,309
80106106714-CAN,80106106714,801061067,Narrabundah,Canberra,250,270
80106106715-CAN,80106106715,801061067,Narrabundah,Canberra,503,584
80106106716-CAN,80106106716,801061067,Narrabundah,Canberra,213,219
80106106717-CAN,80106106717,801061067,Narrabundah,Canberra,297,332
80106106718-CAN,80106106718,801061067,Narrabundah,Canberra,107,116
80106106719-CAN,80106106719,801061067,Narrabundah,Canberra,311,340
80106106801-CAN,80106106801,801061068,Parkes (ACT) - South,Canberra,0,0
80106106901-CAN,80106106901,801061069,Red Hill (ACT),Canberra,240,318
80106106902-CAN,80106106902,801061069,Red Hill (ACT),Canberra,152,145
80106106903-CAN,80106106903,801061069,Red Hill (ACT),Canberra,297,348
80106106904-CAN,80106106904,801061069,Red Hill (ACT),Canberra,439,529
80106106905-CAN,80106106905,801061069,Red Hill (ACT),Canberra,432,515
80106106906-CAN,80106106906,801061069,Red Hill (ACT),Canberra,386,451
80106106907-CAN,80106106907,801061069,Red Hill (ACT),Canberra,387,466
80106106908-CAN,80106106908,801061069,Red Hill (ACT),Canberra,1,1
80106106908-CA2,80106106908,801061069,Red Hill (ACT),Canberra,0,0
80106106909-CAN,80106106909,801061069,Red Hill (ACT),Canberra,310,371
80106107001-CAN,80106107001,801061070,Yarralumla,Canberra,253,259
80106107002-CAN,80106107002,801061070,Yarralumla,Canberra,368,363
80106107003-CAN,80106107003,801061070,Yarralumla,Canberra,372,357
80106107004-CAN,80106107004,801061070,Yarralumla,Canberra,269,285
80106107005-CAN,80106107005,801061070,Yarralumla,Canberra,373,389
80106107006-CAN,80106107006,801061070,Yarralumla,Canberra,246,241
80106107007-CAN,80106107007,801061070,Yarralumla,Canberra,413,390
80106107008-CAN,80106107008,801061070,Yarralumla,Canberra,173,170
80106112901-CAN,80106112901,801061129,Barton,Canberra,523,498
80106112902-CAN,80106112902,801061129,Barton,Canberra,252,246
80106112903-CAN,80106112903,801061129,Barton,Canberra,654,627
80106113002-CAN,80106113002,801061130,Fyshwick,Canberra,5,5
80106113003-CAN,80106113003,801061130,Fyshwick,Canberra,7,7
80106113004-CAN,80106113004,801061130,Fyshwick,Canberra,2,2
80106113005-CAN,80106113005,801061130,Fyshwick,Canberra,0,0
80106113006-CAN,80106113006,801061130,Fyshwick,Canberra,0,0
80106113007-CAN,80106113007,801061130,Fyshwick,Canberra,6,6
80106113101-CAN,80106113101,801061131,Kingston (ACT),Canberra,286,307
80106113103-CAN,80106113103,801061131,Kingston (ACT),Canberra,704,783
80106113104-CAN,80106113104,801061131,Kingston (ACT),Canberra,140,136
80106113106-CAN,80106113106,801061131,Kingston (ACT),Canberra,488,497
80106113107-CAN,80106113107,801061131,Kingston (ACT),Canberra,438,486
80106113108-CAN,80106113108,801061131,Kingston (ACT),Canberra,347,365
80106113109-CAN,80106113109,801061131,Kingston (ACT),Canberra,340,347
80106113111-CAN,80106113111,801061131,Kingston (ACT),Canberra,4,4
80106113112-CAN,80106113112,801061131,Kingston (ACT),Canberra,276,294
80106113113-CAN,80106113113,801061131,Kingston (ACT),Canberra,385,398
80106113114-CAN,80106113114,801061131,Kingston (ACT),Canberra,266,264
80106113115-CAN,80106113115,801061131,Kingston (ACT),Canberra,225,238
80106113116-CAN,80106113116,801061131,Kingston (ACT),Canberra,156,169
80106113117-CAN,80106113117,801061131,Kingston (ACT),Canberra,226,218
80106113118-CAN,80106113118,801061131,Kingston (ACT),Canberra,325,322
80106113119-CAN,80106113119,801061131,Kingston (ACT),Canberra,230,242
80107107101-BEA,80107107101,801071071,Banks,Bean,0,0
80107107102-BEA,80107107102,801071071,Banks,Bean,374,369
80107107104-BEA,80107107104,801071071,Banks,Bean,219,216
80107107105-BEA,80107107105,801071071,Banks,Bean,331,333
80107107106-BEA,80107107106,801071071,Banks,Bean,249,243
80107107107-BEA,80107107107,801071071,Banks,Bean,292,293
80107107108-BEA,80107107108,801071071,Banks,Bean,385,377
80107107109-BEA,80107107109,801071071,Banks,Bean,281,273
80107107110-BEA,80107107110,801071071,Banks,Bean,497,492
80107107111-BEA,80107107111,801071071,Banks,Bean,176,190
80107107112-BEA,80107107112,801071071,Banks,Bean,441,444
80107107113-BEA,80107107113,801071071,Banks,Bean,186,192
80107107114-BEA,80107107114,801071071,Banks,Bean,244,232
80107107202-BEA,80107107202,801071072,Bonython,Bean,282,265
80107107203-BEA,80107107203,801071072,Bonython,Bean,284,268
80107107204-BEA,80107107204,801071072,Bonython,Bean,336,326
80107107205-BEA,80107107205,801071072,Bonython,Bean,425,395
80107107206-BEA,80107107206,801071072,Bonython,Bean,365,319
80107107207-BEA,80107107207,801071072,Bonython,Bean,278,242
80107107208-BEA,80107107208,801071072,Bonython,Bean,392,369
80107107209-BEA,80107107209,801071072,Bonython,Bean,0,0
80107107210-BEA,80107107210,801071072,Bonython,Bean,259,233
80107107211-BEA,80107107211,801071072,Bonython,Bean,175,161
80107107301-BEA,80107107301,801071073,Calwell,Bean,329,320
80107107302-BEA,80107107302,801071073,Calwell,Bean,322,306
80107107303-BEA,80107107303,801071073,Calwell,Bean,382,371
80107107304-BEA,80107107304,801071073,Calwell,Bean,251,226
80107107307-BEA,80107107307,801071073,Calwell,Bean,309,318
80107107308-BEA,80107107308,801071073,Calwell,Bean,233,238
80107107309-BEA,80107107309,801071073,Calwell,Bean,410,400
80107107310-BEA,80107107310,801071073,Calwell,Bean,298,289
80107107311-BEA,80107107311,801071073,Calwell,Bean,455,482
80107107312-BEA,80107107312,801071073,Calwell,Bean,276,268
80107107313-BEA,80107107313,801071073,Calwell,Bean,258,236
80107107314-BEA,80107107314,801071073,Calwell,Bean,192,189
80107107315-BEA,80107107315,801071073,Calwell,Bean,72,68
80107107316-BEA,80107107316,801071073,Calwell,Bean,198,176
80107107317-BEA,80107107317,801071073,Calwell,Bean,262,245
80107107401-BEA,80107107401,801071074,Chisholm,Bean,381,402
80107107402-BEA,80107107402,801071074,Chisholm,Bean,407,423
80107107403-BEA,80107107403,801071074,Chisholm,Bean,227,238
80107107404-BEA,80107107404,801071074,Chisholm,Bean,240,247
80107107405-BEA,80107107405,801071074,Chisholm,Bean,327,348
80107107406-BEA,80107107406,801071074,Chisholm,Bean,366,384
80107107407-BEA,80107107407,801071074,Chisholm,Bean,366,349
80107107408-BEA,80107107408,801071074,Chisholm,Bean,208,237
80107107409-BEA,80107107409,801071074,Chisholm,Bean,338,346
80107107410-BEA,80107107410,801071074,Chisholm,Bean,225,234
80107107411-BEA,80107107411,801071074,Chisholm,Bean,350,371
80107107412-BEA,80107107412,801071074,Chisholm,Bean,194,202
80107107413-BEA,80107107413,801071074,Chisholm,Bean,234,255
80107107502-BEA,80107107502,801071075,Conder,Bean,267,271
80107107503-BEA,80107107503,801071075,Conder,Bean,294,280
80107107504-BEA,80107107504,801071075,Conder,Bean,322,313
80107107505-BEA,80107107505,801071075,Conder,Bean,367,341
80107107506-BEA,80107107506,801071075,Conder,Bean,306,277
80107107507-BEA,80107107507,801071075,Conder,Bean,310,283
80107107508-BEA,80107107508,801071075,Conder,Bean,234,224
80107107509-BEA,80107107509,801071075,Conder,Bean,151,141
80107107510-BEA,80107107510,801071075,Conder,Bean,370,363
80107107512-BEA,80107107512,801071075,Conder,Bean,215,216
80107107513-BEA,80107107513,801071075,Conder,Bean,231,218
80107107514-BEA,80107107514,801071075,Conder,Bean,0,0
80107107515-BEA,80107107515,801071075,Conder,Bean,0,0
80107107516-BEA,80107107516,801071075,Conder,Bean,444,405
80107107517-BEA,80107107517,801071075,Conder,Bean,234,224
80107107601-BEA,80107107601,801071076,Fadden,Bean,273,278
80107107602-BEA,80107107602,801071076,Fadden,Bean,293,288
80107107603-BEA,80107107603,801071076,Fadden,Bean,308,283
80107107604-BEA,80107107604,801071076,Fadden,Bean,264,253
80107107605-BEA,80107107605,801071076,Fadden,Bean,282,264
80107107606-BEA,80107107606,801071076,Fadden,Bean,350,345
80107107607-BEA,80107107607,801071076,Fadden,Bean,0,0
80107107608-BEA,80107107608,801071076,Fadden,Bean,326,315
80107107609-BEA,80107107609,801071076,Fadden,Bean,188,199
80107107701-BEA,80107107701,801071077,Gilmore,Bean,461,439
80107107702-BEA,80107107702,801071077,Gilmore,Bean,266,260
80107107703-BEA,80107107703,801071077,Gilmore,Bean,230,211
80107107704-BEA,80107107704,801071077,Gilmore,Bean,224,212
80107107705-BEA,80107107705,801071077,Gilmore,Bean,331,304
80107107706-BEA,80107107706,801071077,Gilmore,Bean,223,214
80107107707-BEA,80107107707,801071077,Gilmore,Bean,257,249
80107107708-BEA,80107107708,801071077,Gilmore,Bean,1,1
80107107801-BEA,80107107801,801071078,Gordon (ACT),Bean,371,379
80107107802-BEA,80107107802,801071078,Gordon (ACT),Bean,177,184
80107107803-BEA,80107107803,801071078,Gordon (ACT),Bean,284,305
80107107804-BEA,80107107804,801071078,Gordon (ACT),Bean,211,204
80107107805-BEA,80107107805,801071078,Gordon (ACT),Bean,257,248
80107107806-BEA,80107107806,801071078,Gordon (ACT),Bean,297,307
80107107807-BEA,80107107807,801071078,Gordon (ACT),Bean,187,197
80107107808-BEA,80107107808,801071078,Gordon (ACT),Bean,288,295
80107107809-BEA,80107107809,801071078,Gordon (ACT),Bean,200,212
80107107810-BEA,80107107810,801071078,Gordon (ACT),Bean,491,501
80107107811-BEA,80107107811,801071078,Gordon (ACT),Bean,412,424
80107107812-BEA,80107107812,801071078,Gordon (ACT),Bean,241,244
80107107813-BEA,80107107813,801071078,Gordon (ACT),Bean,268,266
80107107814-BEA,80107107814,801071078,Gordon (ACT),Bean,384,394
80107107815-BEA,80107107815,801071078,Gordon (ACT),Bean,239,237
80107107816-BEA,80107107816,801071078,Gordon (ACT),Bean,218,223
80107107817-BEA,80107107817,801071078,Gordon (ACT),Bean,186,185
80107107818-BEA,80107107818,801071078,Gordon (ACT),Bean,318,313
80107107819-BEA,80107107819,801071078,Gordon (ACT),Bean,186,199
80107107820-BEA,80107107820,801071078,Gordon (ACT),Bean,320,340
80107107821-BEA,80107107821,801071078,Gordon (ACT),Bean,336,334
80107107901-BEA,80107107901,801071079,Gowrie (ACT),Bean,209,202
80107107902-BEA,80107107902,801071079,Gowrie (ACT),Bean,292,270
80107107903-BEA,80107107903,801071079,Gowrie (ACT),Bean,360,351
80107107904-BEA,80107107904,801071079,Gowrie (ACT),Bean,288,265
80107107905-BEA,80107107905,801071079,Gowrie (ACT),Bean,290,280
80107107906-BEA,80107107906,801071079,Gowrie (ACT),Bean,267,259
80107107907-BEA,80107107907,801071079,Gowrie (ACT),Bean,224,212
80107107908-BEA,80107107908,801071079,Gowrie (ACT),Bean,188,187
80107107909-BEA,80107107909,801071079,Gowrie (ACT),Bean,200,198
80107108002-BEA,80107108002,801071080,Greenway,Bean,285,316
80107108003-BEA,80107108003,801071080,Greenway,Bean,675,1056
80107108006-BEA,80107108006,801071080,Greenway,Bean,163,258
80107108007-BEA,80107108007,801071080,Greenway,Bean,511,796
80107108008-BEA,80107108008,801071080,Greenway,Bean,158,175
80107108009-BEA,80107108009,801071080,Greenway,Bean,0,0
80107108010-BEA,80107108010,801071080,Greenway,Bean,0,0
80107108011-BEA,80107108011,801071080,Greenway,Bean,371,411
80107108012-BEA,80107108012,801071080,Greenway,Bean,68,105
80107108013-BEA,80107108013,801071080,Greenway,Bean,367,407
80107108014-BEA,80107108014,801071080,Greenway,Bean,508,910
80107108015-BEA,80107108015,801071080,Greenway,Bean,290,321
80107108016-BEA,80107108016,801071080,Greenway,Bean,280,310
80107108101-BEA,80107108101,801071081,Isabella Plains,Bean,284,279
80107108102-BEA,80107108102,801071081,Isabella Plains,Bean,233,235
80107108103-BEA,80107108103,801071081,Isabella Plains,Bean,333,342
80107108104-BEA,80107108104,801071081,Isabella Plains,Bean,233,245
80107108105-BEA,80107108105,801071081,Isabella Plains,Bean,266,295
80107108106-BEA,80107108106,801071081,Isabella Plains,Bean,285,311
80107108107-BEA,80107108107,801071081,Isabella Plains,Bean,219,231
80107108108-BEA,80107108108,801071081,Isabella Plains,Bean,342,349
80107108109-BEA,80107108109,801071081,Isabella Plains,Bean,240,248
80107108111-BEA,80107108111,801071081,Isabella Plains,Bean,225,258
80107108112-BEA,80107108112,801071081,Isabella Plains,Bean,191,198
80107108113-BEA,80107108113,801071081,Isabella Plains,Bean,153,157
80107108114-BEA,80107108114,801071081,Isabella Plains,Bean,167,184
80107108201-BEA,80107108201,801071082,Kambah,Bean,222,233
80107108202-BEA,80107108202,801071082,Kambah,Bean,171,173
80107108203-BEA,80107108203,801071082,Kambah,Bean,356,349
80107108204-BEA,80107108204,801071082,Kambah,Bean,276,297
80107108205-BEA,80107108205,801071082,Kambah,Bean,239,259
80107108206-BEA,80107108206,801071082,Kambah,Bean,209,205
80107108207-BEA,80107108207,801071082,Kambah,Bean,594,595
80107108208-BEA,80107108208,801071082,Kambah,Bean,166,172
80107108209-BEA,80107108209,801071082,Kambah,Bean,199,195
80107108210-BEA,80107108210,801071082,Kambah,Bean,379,401
80107108211-BEA,80107108211,801071082,Kambah,Bean,259,250
80107108212-BEA,80107108212,801071082,Kambah,Bean,314,295
80107108213-BEA,80107108213,801071082,Kambah,Bean,407,427
80107108214-BEA,80107108214,801071082,Kambah,Bean,184,194
80107108215-BEA,80107108215,801071082,Kambah,Bean,388,385
80107108216-BEA,80107108216,801071082,Kambah,Bean,271,263
80107108217-BEA,80107108217,801071082,Kambah,Bean,309,319
80107108218-BEA,80107108218,801071082,Kambah,Bean,285,287
80107108219-BEA,80107108219,801071082,Kambah,Bean,405,402
80107108220-BEA,80107108220,801071082,Kambah,Bean,324,317
80107108221-BEA,80107108221,801071082,Kambah,Bean,266,258
80107108222-BEA,80107108222,801071082,Kambah,Bean,300,298
80107108223-BEA,80107108223,801071082,Kambah,Bean,179,188
80107108224-BEA,80107108224,801071082,Kambah,Bean,300,297
80107108225-BEA,80107108225,801071082,Kambah,Bean,190,205
80107108226-BEA,80107108226,801071082,Kambah,Bean,340,339
80107108227-BEA,80107108227,801071082,Kambah,Bean,298,280
80107108228-BEA,80107108228,801071082,Kambah,Bean,148,146
80107108229-BEA,80107108229,801071082,Kambah,Bean,372,373
80107108230-BEA,80107108230,801071082,Kambah,Bean,247,274
80107108231-BEA,80107108231,801071082,Kambah,Bean,257,270
80107108232-BEA,80107108232,801071082,Kambah,Bean,241,244
80107108233-BEA,80107108233,801071082,Kambah,Bean,206,220
80107108234-BEA,80107108234,801071082,Kambah,Bean,218,206
80107108235-BEA,80107108235,801071082,Kambah,Bean,442,433
80107108236-BEA,80107108236,801071082,Kambah,Bean,451,444
80107108237-BEA,80107108237,801071082,Kambah,Bean,332,332
80107108238-BEA,80107108238,801071082,Kambah,Bean,302,306
80107108239-BEA,80107108239,801071082,Kambah,Bean,225,249
80107108240-BEA,80107108240,801071082,Kambah,Bean,175,190
80107108241-BEA,80107108241,801071082,Kambah,Bean,306,296
80107108301-BEA,80107108301,801071083,Macarthur,Bean,396,378
80107108302-BEA,80107108302,801071083,Macarthur,Bean,323,318
80107108303-BEA,80107108303,801071083,Macarthur,Bean,361,357
80107108401-BEA,80107108401,801071084,Monash,Bean,147,148
80107108402-BEA,80107108402,801071084,Monash,Bean,180,185
80107108403-BEA,80107108403,801071084,Monash,Bean,224,214
80107108404-BEA,80107108404,801071084,Monash,Bean,279,262
80107108405-BEA,80107108405,801071084,Monash,Bean,293,299
80107108406-BEA,80107108406,801071084,Monash,Bean,178,183
80107108407-BEA,80107108407,801071084,Monash,Bean,219,215
80107108408-BEA,80107108408,801071084,Monash,Bean,304,293
80107108409-BEA,80107108409,801071084,Monash,Bean,185,186
80107108410-BEA,80107108410,801071084,Monash,Bean,190,200
80107108411-BEA,80107108411,801071084,Monash,Bean,306,305
80107108412-BEA,80107108412,801071084,Monash,Bean,292,302
80107108413-BEA,80107108413,801071084,Monash,Bean,177,174
80107108414-BEA,80107108414,801071084,Monash,Bean,208,217
80107108415-BEA,80107108415,801071084,Monash,Bean,267,265
80107108417-BEA,80107108417,801071084,Monash,Bean,265,261
80107108418-BEA,80107108418,801071084,Monash,Bean,182,187
80107108419-BEA,80107108419,801071084,Monash,Bean,239,242
80107108420-BEA,80107108420,801071084,Monash,Bean,73,75
80107108501-BEA,80107108501,801071085,Mount Taylor,Bean,0,0
80107108601-BEA,80107108601,801071086,Oxley (ACT),Bean,227,244
80107108602-BEA,80107108602,801071086,Oxley (ACT),Bean,187,191
80107108603-BEA,80107108603,801071086,Oxley (ACT),Bean,328,325
80107108604-BEA,80107108604,801071086,Oxley (ACT),Bean,185,188
80107108605-BEA,80107108605,801071086,Oxley (ACT),Bean,346,347
80107108701-BEA,80107108701,801071087,Richardson,Bean,321,324
80107108702-BEA,80107108702,801071087,Richardson,Bean,291,284
80107108703-BEA,80107108703,801071087,Richardson,Bean,434,440
80107108704-BEA,80107108704,801071087,Richardson,Bean,185,165
80107108705-BEA,80107108705,801071087,Richardson,Bean,345,331
80107108706-BEA,80107108706,801071087,Richardson,Bean,471,459
80107108707-BEA,80107108707,801071087,Richardson,Bean,206,196
80107108801-BEA,80107108801,801071088,Theodore,Bean,365,348
80107108802-BEA,80107108802,801071088,Theodore,Bean,240,231
80107108803-BEA,80107108803,801071088,Theodore,Bean,271,269
80107108804-BEA,80107108804,801071088,Theodore,Bean,313,324
80107108805-BEA,80107108805,801071088,Theodore,Bean,253,237
80107108806-BEA,80107108806,801071088,Theodore,Bean,243,228
80107108807-BEA,80107108807,801071088,Theodore,Bean,313,332
80107108808-BEA,80107108808,801071088,Theodore,Bean,243,256
80107108809-BEA,80107108809,801071088,Theodore,Bean,418,391
80107108810-BEA,80107108810,801071088,Theodore,Bean,182,188
80107108901-BEA,80107108901,801071089,Tuggeranong,Bean,27,27
80107109001-BEA,80107109001,801071090,Wanniassa,Bean,153,163
80107109002-BEA,80107109002,801071090,Wanniassa,Bean,160,165
80107109003-BEA,80107109003,801071090,Wanniassa,Bean,388,383
80107109004-BEA,80107109004,801071090,Wanniassa,Bean,432,414
80107109005-BEA,80107109005,801071090,Wanniassa,Bean,290,296
80107109006-BEA,80107109006,801071090,Wanniassa,Bean,269,282
80107109007-BEA,80107109007,801071090,Wanniassa,Bean,311,306
80107109008-BEA,80107109008,801071090,Wanniassa,Bean,350,331
80107109009-BEA,80107109009,801071090,Wanniassa,Bean,232,219
80107109010-BEA,80107109010,801071090,Wanniassa,Bean,382,405
80107109011-BEA,80107109011,801071090,Wanniassa,Bean,390,373
80107109012-BEA,80107109012,801071090,Wanniassa,Bean,202,217
80107109013-BEA,80107109013,801071090,Wanniassa,Bean,256,251
80107109014-BEA,80107109014,801071090,Wanniassa,Bean,349,357
80107109015-BEA,80107109015,801071090,Wanniassa,Bean,232,256
80107109016-BEA,80107109016,801071090,Wanniassa,Bean,346,341
80107109017-BEA,80107109017,801071090,Wanniassa,Bean,142,145
80107109018-BEA,80107109018,801071090,Wanniassa,Bean,250,240
80107109019-BEA,80107109019,801071090,Wanniassa,Bean,351,342
80107109020-BEA,80107109020,801071090,Wanniassa,Bean,212,218
80107113201-BEA,80107113201,801071132,Tuggeranong - West,Bean,6,6
80107113202-BEA,80107113202,801071132,Tuggeranong - West,Bean,2,2
80108109101-BEA,80108109101,801081091,Chapman,Bean,220,224
80108109102-BEA,80108109102,801081091,Chapman,Bean,263,269
80108109103-BEA,80108109103,801081091,Chapman,Bean,319,333
80108109104-BEA,80108109104,801081091,Chapman,Bean,199,183
80108109105-BEA,80108109105,801081091,Chapman,Bean,259,275
80108109106-BEA,80108109106,801081091,Chapman,Bean,340,369
80108109107-BEA,80108109107,801081091,Chapman,Bean,262,253
80108109108-BEA,80108109108,801081091,Chapman,Bean,338,348
80108109201-BEA,80108109201,801081092,Duffy,Bean,395,390
80108109202-BEA,80108109202,801081092,Duffy,Bean,327,307
80108109203-BEA,80108109203,801081092,Duffy,Bean,315,313
80108109204-BEA,80108109204,801081092,Duffy,Bean,245,224
80108109205-BEA,80108109205,801081092,Duffy,Bean,252,260
80108109206-BEA,80108109206,801081092,Duffy,Bean,278,283
80108109207-BEA,80108109207,801081092,Duffy,Bean,301,321
80108109208-BEA,80108109208,801081092,Duffy,Bean,382,370
80108109209-BEA,80108109209,801081092,Duffy,Bean,109,118
80108109210-BEA,80108109210,801081092,Duffy,Bean,0,0
80108109301-BEA,80108109301,801081093,Fisher,Bean,368,362
80108109302-BEA,80108109302,801081093,Fisher,Bean,194,205
80108109303-BEA,80108109303,801081093,Fisher,Bean,351,343
80108109304-BEA,80108109304,801081093,Fisher,Bean,533,550
80108109305-BEA,80108109305,801081093,Fisher,Bean,427,457
80108109306-BEA,80108109306,801081093,Fisher,Bean,444,452
80108109401-BEA,80108109401,801081094,Holder,Bean,341,365
80108109402-BEA,80108109402,801081094,Holder,Bean,0,0
80108109403-BEA,80108109403,801081094,Holder,Bean,171,166
80108109404-BEA,80108109404,801081094,Holder,Bean,532,512
80108109405-BEA,80108109405,801081094,Holder,Bean,421,429
80108109406-BEA,80108109406,801081094,Holder,Bean,329,315
80108109407-BEA,80108109407,801081094,Holder,Bean,264,274
80108109501-BEA,80108109501,801081095,Rivett,Bean,191,203
80108109502-BEA,80108109502,801081095,Rivett,Bean,268,285
80108109503-BEA,80108109503,801081095,Rivett,Bean,197,219
80108109504-BEA,80108109504,801081095,Rivett,Bean,312,319
80108109505-BEA,80108109505,801081095,Rivett,Bean,318,342
80108109506-BEA,80108109506,801081095,Rivett,Bean,215,215
80108109507-BEA,80108109507,801081095,Rivett,Bean,273,285
80108109508-BEA,80108109508,801081095,Rivett,Bean,381,419
80108109509-BEA,80108109509,801081095,Rivett,Bean,266,270
80108109601-BEA,80108109601,801081096,Stirling,Bean,278,313
80108109602-BEA,80108109602,801081096,Stirling,Bean,253,265
80108109603-BEA,80108109603,801081096,Stirling,Bean,411,436
80108109604-BEA,80108109604,801081096,Stirling,Bean,333,345
80108109605-BEA,80108109605,801081096,Stirling,Bean,247,270
80108109701-BEA,80108109701,801081097,Waramanga,Bean,358,338
80108109702-BEA,80108109702,801081097,Waramanga,Bean,317,330
80108109703-BEA,80108109703,801081097,Waramanga,Bean,316,305
80108109705-BEA,80108109705,801081097,Waramanga,Bean,121,120
80108109706-BEA,80108109706,801081097,Waramanga,Bean,251,248
80108109707-BEA,80108109707,801081097,Waramanga,Bean,313,300
80108109708-BEA,80108109708,801081097,Waramanga,Bean,273,275
80108109801-BEA,80108109801,801081098,Weston,Bean,294,301
80108109802-BEA,80108109802,801081098,Weston,Bean,241,255
80108109804-BEA,80108109804,801081098,Weston,Bean,217,220
80108109806-BEA,80108109806,801081098,Weston,Bean,224,223
80108109807-BEA,80108109807,801081098,Weston,Bean,242,249
80108109808-BEA,80108109808,801081098,Weston,Bean,361,377
80108109809-BEA,80108109809,801081098,Weston,Bean,406,427
80108109810-BEA,80108109810,801081098,Weston,Bean,130,131
80108109811-BEA,80108109811,801081098,Weston,Bean,0,0
80108109812-BEA,80108109812,801081098,Weston,Bean,154,163
80108109813-BEA,80108109813,801081098,Weston,Bean,216,239
80108109814-BEA,80108109814,801081098,Weston,Bean,321,375
80108113301-BEA,80108113301,801081133,Scrivener,Bean,0,0
80108113301-CAN,80108113301,801081133,Scrivener,Canberra,77,78
80109109901-BEA,80109109901,801091099,Chifley,Bean,548,554
80109109902-BEA,80109109902,801091099,Chifley,Bean,392,378
80109109903-BEA,80109109903,801091099,Chifley,Bean,254,255
80109109904-BEA,80109109904,801091099,Chifley,Bean,282,284
80109109905-BEA,80109109905,801091099,Chifley,Bean,337,353
80109110001-CAN,80109110001,801091100,Curtin,Canberra,354,362
80109110002-CAN,80109110002,801091100,Curtin,Canberra,301,315
80109110003-CAN,80109110003,801091100,Curtin,Canberra,225,223
80109110004-CAN,80109110004,801091100,Curtin,Canberra,461,447
80109110005-CAN,80109110005,801091100,Curtin,Canberra,425,419
80109110006-CAN,80109110006,801091100,Curtin,Canberra,337,348
80109110007-CAN,80109110007,801091100,Curtin,Canberra,196,219
80109110008-CAN,80109110008,801091100,Curtin,Canberra,462,468
80109110010-CAN,80109110010,801091100,Curtin,Canberra,387,374
80109110011-CAN,80109110011,801091100,Curtin,Canberra,195,193
80109110012-CAN,80109110012,801091100,Curtin,Canberra,353,349
80109110013-CAN,80109110013,801091100,Curtin,Canberra,138,152
80109110014-CAN,80109110014,801091100,Curtin,Canberra,175,189
80109110101-BEA,80109110101,801091101,Farrer,Bean,176,183
80109110102-BEA,80109110102,801091101,Farrer,Bean,301,310
80109110104-BEA,80109110104,801091101,Farrer,Bean,256,263
80109110105-BEA,80109110105,801091101,Farrer,Bean,391,393
80109110106-BEA,80109110106,801091101,Farrer,Bean,411,395
80109110107-BEA,80109110107,801091101,Farrer,Bean,373,377
80109110108-BEA,80109110108,801091101,Farrer,Bean,366,350
80109110109-BEA,80109110109,801091101,Farrer,Bean,284,292
80109110110-BEA,80109110110,801091101,Farrer,Bean,207,203
80109110201-CAN,80109110201,801091102,Garran,Canberra,0,0
80109110202-CAN,80109110202,801091102,Garran,Canberra,431,427
80109110203-CAN,80109110203,801091102,Garran,Canberra,352,329
80109110204-CAN,80109110204,801091102,Garran,Canberra,276,262
80109110205-CAN,80109110205,801091102,Garran,Canberra,204,191
80109110206-CAN,80109110206,801091102,Garran,Canberra,209,205
80109110207-CAN,80109110207,801091102,Garran,Canberra,388,386
80109110209-CAN,80109110209,801091102,Garran,Canberra,218,212
80109110210-CAN,80109110210,801091102,Garran,Canberra,0,0
80109110211-CAN,80109110211,801091102,Garran,Canberra,242,221
80109110301-CAN,80109110301,801091103,Hughes,Canberra,257,247
80109110302-CAN,80109110302,801091103,Hughes,Canberra,294,312
80109110303-CAN,80109110303,801091103,Hughes,Canberra,279,283
80109110304-CAN,80109110304,801091103,Hughes,Canberra,366,399
80109110305-CAN,80109110305,801091103,Hughes,Canberra,207,216
80109110306-CAN,80109110306,801091103,Hughes,Canberra,367,348
80109110307-CAN,80109110307,801091103,Hughes,Canberra,349,365
80109110308-CAN,80109110308,801091103,Hughes,Canberra,145,146
80109110401-BEA,80109110401,801091104,Isaacs,Bean,504,507
80109110402-BEA,80109110402,801091104,Isaacs,Bean,213,200
80109110403-BEA,80109110403,801091104,Isaacs,Bean,345,347
80109110404-BEA,80109110404,801091104,Isaacs,Bean,328,329
80109110405-BEA,80109110405,801091104,Isaacs,Bean,419,438
80109110406-BEA,80109110406,801091104,Isaacs,Bean,0,0
80109110501-CAN,80109110501,801091105,Lyons (ACT),Canberra,0,0
80109110502-CAN,80109110502,801091105,Lyons (ACT),Canberra,400,403
80109110503-CAN,80109110503,801091105,Lyons (ACT),Canberra,214,205
80109110504-CAN,80109110504,801091105,Lyons (ACT),Canberra,463,465
80109110505-CAN,80109110505,801091105,Lyons (ACT),Canberra,267,264
80109110506-CAN,80109110506,801091105,Lyons (ACT),Canberra,379,368
80109110507-CAN,80109110507,801091105,Lyons (ACT),Canberra,337,345
80109110601-BEA,80109110601,801091106,Mawson,Bean,365,382
80109110602-BEA,80109110602,801091106,Mawson,Bean,417,420
80109110603-BEA,80109110603,801091106,Mawson,Bean,315,333
80109110604-BEA,80109110604,801091106,Mawson,Bean,191,210
80109110605-BEA,80109110605,801091106,Mawson,Bean,211,205
80109110606-BEA,80109110606,801091106,Mawson,Bean,402,429
80109110607-BEA,80109110607,801091106,Mawson,Bean,367,402
80109110701-BEA,80109110701,801091107,O`Malley,Bean,251,269
80109110702-BEA,80109110702,801091107,O`Malley,Bean,493,513
80109110801-BEA,80109110801,801091108,Pearce,Bean,0,0
80109110802-BEA,80109110802,801091108,Pearce,Bean,194,204
80109110803-BEA,80109110803,801091108,Pearce,Bean,425,426
80109110804-BEA,80109110804,801091108,Pearce,Bean,363,360
80109110805-BEA,80109110805,801091108,Pearce,Bean,363,343
80109110806-BEA,80109110806,801091108,Pearce,Bean,257,253
80109110807-BEA,80109110807,801091108,Pearce,Bean,392,395
80109110901-BEA,80109110901,801091109,Phillip,Bean,150,255
80109110904-BEA,80109110904,801091109,Phillip,Bean,0,0
80109110905-BEA,80109110905,801091109,Phillip,Bean,165,288
80109110907-BEA,80109110907,801091109,Phillip,Bean,180,192
80109110908-BEA,80109110908,801091109,Phillip,Bean,165,176
80109110910-BEA,80109110910,801091109,Phillip,Bean,274,293
80109110913-BEA,80109110913,801091109,Phillip,Bean,191,319
80109110915-BEA,80109110915,801091109,Phillip,Bean,270,422
80109110916-BEA,80109110916,801091109,Phillip,Bean,320,541
80109110917-BEA,80109110917,801091109,Phillip,Bean,450,733
80109110918-BEA,80109110918,801091109,Phillip,Bean,671,1042
80109110919-BEA,80109110919,801091109,Phillip,Bean,3,5
80109110920-BEA,80109110920,801091109,Phillip,Bean,8,13
80109110921-BEA,80109110921,801091109,Phillip,Bean,1036,1800
80109111001-BEA,80109111001,801091110,Torrens,Bean,375,357
80109111002-BEA,80109111002,801091110,Torrens,Bean,342,329
80109111003-BEA,80109111003,801091110,Torrens,Bean,226,236
80109111004-BEA,80109111004,801091110,Torrens,Bean,343,374
80109111005-BEA,80109111005,801091110,Torrens,Bean,243,247
80109111006-BEA,80109111006,801091110,Torrens,Bean,247,273
80110113401-CAN,80110113401,801101134,Arboretum,Canberra,3,3
80110113401-BEA,80110113401,801101134,Arboretum,Bean,0,0
80110113505-BEA,80110113505,801101135,Coombs,Bean,360,488
80110113506-BEA,80110113506,801101135,Coombs,Bean,265,360
80110113507-BEA,80110113507,801101135,Coombs,Bean,128,125
80110113508-BEA,80110113508,801101135,Coombs,Bean,536,780
80110113509-BEA,80110113509,801101135,Coombs,Bean,319,434
80110113510-BEA,80110113510,801101135,Coombs,Bean,310,385
80110113511-BEA,80110113511,801101135,Coombs,Bean,278,340
80110113512-BEA,80110113512,801101135,Coombs,Bean,299,380
80110113513-BEA,80110113513,801101135,Coombs,Bean,317,393
80110113514-BEA,80110113514,801101135,Coombs,Bean,390,490
80110113515-BEA,80110113515,801101135,Coombs,Bean,256,344
80110113602-BEA,80110113602,801101136,Denman Prospect,Bean,429,1963
80110113603-BEA,80110113603,801101136,Denman Prospect,Bean,388,504
80110113604-BEA,80110113604,801101136,Denman Prospect,Bean,391,507
80110113605-BEA,80110113605,801101136,Denman Prospect,Bean,358,473
80110113606-BEA,80110113606,801101136,Denman Prospect,Bean,1705,2032
80110113701-BEA,80110113701,801101137,Molonglo,Bean,0,0
80110113901-BEA,80110113901,801101139,Wright,Bean,408,541
80110113902-BEA,80110113902,801101139,Wright,Bean,260,328
80110113903-BEA,80110113903,801101139,Wright,Bean,263,252
80110113904-BEA,80110113904,801101139,Wright,Bean,0,0
80110113905-BEA,80110113905,801101139,Wright,Bean,438,502
80110113906-BEA,80110113906,801101139,Wright,Bean,338,418
80110113907-BEA,80110113907,801101139,Wright,Bean,218,271
80110113908-BEA,80110113908,801101139,Wright,Bean,226,279
80110113909-BEA,80110113909,801101139,Wright,Bean,198,223
80110113910-BEA,80110113910,801101139,Wright,Bean,291,320
80110114501-BEA,80110114501,801101145,Molonglo - East,Bean,0,0
80110114601-BEA,80110114601,801101146,Whitlam,Bean,985,2859
80111114001-BEA,80111114001,801111140,ACT - South West,Bean,35,37
80111114002-BEA,80111114002,801111140,ACT - South West,Bean,61,58
80111114004-BEA,80111114004,801111140,ACT - South West,Bean,57,61
80111114005-BEA,80111114005,801111140,ACT - South West,Bean,10,10
80111114006-BEA,80111114006,801111140,ACT - South West,Bean,221,230
80111114101-BEA,80111114101,801111141,Namadgi,Bean,43,43
90103100301-FEN,90103100301,901031003,Jervis Bay,Fenner,102,103
90103100302-FEN,90103100302,901031003,Jervis Bay,Fenner,122,122
90103100303-FEN,90103100303,901031003,Jervis Bay,Fenner,3,3
90103100304-FEN,90103100304,901031003,Jervis Bay,Fenner,2,2
90104100401-BEA,90104100401,901041004,Norfolk Island,Bean,225,228
90104100402-BEA,90104100402,901041004,Norfolk Island,Bean,189,189
90104100403-BEA,90104100403,901041004,Norfolk Island,Bean,323,323
90104100404-BEA,90104100404,901041004,Norfolk Island,Bean,256,256
90104100405-BEA,90104100405,901041004,Norfolk Island,Bean,0,0
90104100406-BEA,90104100406,901041004,Norfolk Island,Bean,0,0
90104100407-BEA,90104100407,901041004,Norfolk Island,Bean,257,257
90104100408-BEA,90104100408,901041004,Norfolk Island,Bean,0,0
