index,division,state,namesake,created,abolished,isfed,ispm,iscol,isfem,isind,isgeo,isaus,islinked
ADEL,Adelaide,South Australia,"City of Adelaide / Tarndanya, Kaurna Country",02/10/1903,,FALSE,N/A,N/A,N/A,N/A,TRUE,N/A,TRUE
ASTN,Aston,Victoria,"Matilda ""Tilly"" Ann Aston, 1873–1947",14/09/1984,,FALSE,FALSE,FALSE,TRUE,FALSE,FALSE,TRUE,N/A
BLRT,Ballarat,Victoria,"City of Ballarat / balla arat, Wathawurrung Country",07/11/1977,,FALSE,N/A,N/A,N/A,N/A,TRUE,N/A,TRUE
BNKS,Banks,New South Wales,"Sir Joseph Banks 1st Baronet GCB FRS, 1743–1820",11/05/1949,,FALSE,FALSE,TRUE,FALSE,FALSE,FALSE,FALSE,TRUE
BRKR,Barker,South Australia,"Capt Collet Barker, 1784–1831",02/10/1903,,FALSE,FALSE,TRUE,FALSE,FALSE,FALSE,FALSE,FALSE
BRTN,Barton,New South Wales,"Rt Hon Sir Edmund Barton GCMG KC, 1849–1920",13/09/1922,,FALSE,TRUE,FALSE,FALSE,FALSE,FALSE,TRUE,N/A
BASS,Bass,Tasmania,"George Bass, 1771–1803",02/10/1903,,FALSE,FALSE,TRUE,FALSE,FALSE,FALSE,FALSE,TRUE
BEAN,Bean,Australian Capital Territory,"Charles Edwin Woodrow Bean, 1879–1968",13/07/2018,,FALSE,FALSE,FALSE,FALSE,FALSE,FALSE,TRUE,N/A
BDGO,Bendigo,Victoria,"City of Bendigo, Dja Dja Wurrung Country",08/10/1900,,TRUE,N/A,N/A,N/A,N/A,TRUE,N/A,TRUE
BNLG,Bennelong,New South Wales,"Woollarawarre Bennelong, c. 1764–1813",11/05/1949,,FALSE,FALSE,TRUE,FALSE,FALSE,FALSE,TRUE,N/A
BRWA,Berowra,New South Wales,"Berowra Creek / Perrara, Dharug Country",21/11/1968,,FALSE,N/A,N/A,N/A,N/A,TRUE,N/A,TRUE
BLAR,Blair,Queensland,"Harold Blair AM, 1924–76",10/12/1997,,FALSE,FALSE,FALSE,FALSE,TRUE,FALSE,TRUE,N/A
BLXD,Blaxland,New South Wales,"Gregory Blaxland, 1778–1853",11/05/1949,,FALSE,FALSE,TRUE,FALSE,FALSE,FALSE,TRUE,N/A
BNNR,Bonner,Queensland,"Neville Thomas Bonner AO, 1922–99",25/11/2003,,FALSE,FALSE,FALSE,FALSE,TRUE,FALSE,TRUE,N/A
BTHY,Boothby,South Australia,"William Robinson Boothby CMG, 1829–1903",02/10/1903,,FALSE,FALSE,TRUE,FALSE,FALSE,FALSE,TRUE,N/A
BWMN,Bowman,Queensland,"David Bowman, 1860–1916",11/05/1949,,FALSE,FALSE,TRUE,FALSE,FALSE,FALSE,TRUE,N/A
BRDN,Braddon,Tasmania,"Rt Hon Sir Edward Nicholas Coventry Braddon KCMG, 1829–1904",30/08/1955,,FALSE,FALSE,TRUE,FALSE,FALSE,FALSE,TRUE,N/A
BFLD,Bradfield,New South Wales,"Dr John Job Crew Bradfield CMG, 1867–1943",11/05/1949,,FALSE,FALSE,FALSE,FALSE,FALSE,FALSE,TRUE,N/A
BRND,Brand,Western Australia,"The Hon Sir David Brand KCMG, 1912–79",31/08/1984,,FALSE,FALSE,FALSE,FALSE,FALSE,FALSE,TRUE,FALSE
BRIS,Brisbane,Queensland,"City of Brisbane / Meanjin, Turrbal & Yuggera Country",28/12/1900,,TRUE,N/A,N/A,N/A,N/A,TRUE,N/A,TRUE
BRCE,Bruce,Victoria,"Rt Hon Stanley Melbourne Bruce 1st Viscount Bruce of Melbourne CH MC PC FRS, 1883–1967",10/08/1955,,FALSE,TRUE,FALSE,FALSE,FALSE,FALSE,TRUE,N/A
BLWK,Bullwinkel,Western Australia,"Lt Col Vivian Statham (née Bullwinkel) AO MBE ARRC ED FNM FRCNA, 1915–2000",24/09/2024,,FALSE,FALSE,FALSE,TRUE,FALSE,FALSE,TRUE,N/A
BURT,Burt,Western Australia,"Sir Archibald Paull Burt KT QC, 1810–79; The Hon Septimus Burt KC, 1847–1919; The Hon Sir Francis Theodore Page Burt AC KCMG QC, 1918–2004",19/01/2016,,FALSE,FALSE,FALSE,FALSE,FALSE,FALSE,TRUE,N/A
CLRE,Calare,New South Wales,"Lachlan River / Kalari, Wiradjuri Country",13/07/1906,,FALSE,N/A,N/A,N/A,N/A,TRUE,N/A,FALSE
CLWL,Calwell,Victoria,"Rt Hon Arthur Augustus Calwell KC, 1896–1973",14/09/1984,,FALSE,FALSE,FALSE,FALSE,FALSE,FALSE,TRUE,N/A
CANB,Canberra,Australian Capital Territory,"City of Canberra / Kanbarra, Ngunnawal & Ngambri Country",19/04/1974,,FALSE,N/A,N/A,N/A,N/A,TRUE,N/A,TRUE
CNNG,Canning,Western Australia,"Alfred Wernam Canning, 1860–1936; Sadie Miriam Canning MBE, 1930–2008",11/05/1949,,FALSE,FALSE,FALSE,TRUE,TRUE,FALSE,TRUE,FALSE
CPCA,Capricornia,Queensland,"Tropic of Capricorn, 23°26′ S",28/12/1900,,TRUE,N/A,N/A,N/A,N/A,TRUE,N/A,TRUE
CSEY,Casey,Victoria,"Rt Hon Richard Gavin Gardiner Casey 1st Baron Casey of Berwick KG GCMG CH DSO MC PC, 1890–1976",21/11/1968,,FALSE,FALSE,FALSE,FALSE,FALSE,FALSE,TRUE,FALSE
CHFY,Chifley,New South Wales,"Rt Hon Joseph Benedict Chifley, 1885–1951",21/11/1968,,FALSE,TRUE,FALSE,FALSE,FALSE,FALSE,TRUE,N/A
CHSM,Chisholm,Victoria,"Caroline Chisholm, 1808–77",11/05/1949,,FALSE,FALSE,TRUE,TRUE,FALSE,FALSE,FALSE,N/A
CLRK,Clark,Tasmania,"The Hon Andrew Inglis Clark, 1848–1907",14/11/2017,,FALSE,FALSE,FALSE,FALSE,FALSE,FALSE,TRUE,N/A
COOK,Cook,New South Wales,"Capt James Cook RN FRS, 1728–79; Rt Hon Sir Joseph Cook GCMG, 1860–1947",21/11/1968,,FALSE,TRUE,FALSE,FALSE,FALSE,FALSE,TRUE,TRUE
CPER,Cooper,Victoria,"William Cooper, 1861–1941",13/07/2018,,FALSE,FALSE,FALSE,FALSE,TRUE,FALSE,TRUE,N/A
CGMT,Corangamite,Victoria,"Lake Corangamite / Kronimite, Gulidjan and Djargurd Wurrong Country",08/10/1900,,TRUE,N/A,N/A,N/A,N/A,TRUE,N/A,FALSE
CRIO,Corio,Victoria,"Corio Bay / Corayo, Wadawurrung Country",08/10/1900,,TRUE,N/A,N/A,N/A,N/A,TRUE,N/A,TRUE
COWN,Cowan,Western Australia,"Edith Dircksey Cowan OBE, 1861–1932",31/08/1984,,FALSE,FALSE,FALSE,TRUE,FALSE,FALSE,TRUE,N/A
CWPR,Cowper,New South Wales,"Sir Charles Cowper KCMG, 1807–75",11/12/1900,,TRUE,FALSE,TRUE,FALSE,FALSE,FALSE,TRUE,N/A
CGHM,Cunningham,New South Wales,"Allan Cunningham, 1791–1839",11/05/1949,,FALSE,FALSE,TRUE,FALSE,FALSE,FALSE,FALSE,N/A
CRTN,Curtin,Western Australia,"Rt Hon John Curtin, 1885–1945",11/05/1949,,FALSE,TRUE,FALSE,FALSE,FALSE,FALSE,TRUE,N/A
DWSN,Dawson,Queensland,"The Hon Andrew ""Anderson"" Dawson, 1863–1910",11/05/1949,,FALSE,FALSE,TRUE,FALSE,FALSE,FALSE,TRUE,N/A
DEKN,Deakin,Victoria,"The Hon Alfred Deakin, 1856–1919",21/07/1937,,FALSE,TRUE,FALSE,FALSE,FALSE,FALSE,TRUE,N/A
DKSN,Dickson,Queensland,"The Hon Sir James Robert Dickson KCMG FRGS, 1832–1901",28/01/1992,,FALSE,FALSE,TRUE,FALSE,FALSE,FALSE,TRUE,N/A
DBLL,Dobell,New South Wales,"Sir William Dobell OBE kb, 1899–1970",11/10/1984,,FALSE,FALSE,FALSE,FALSE,FALSE,FALSE,TRUE,N/A
DKLY,Dunkley,Victoria,"Louisa Margaret Dunkley, 1866–1927",14/09/1984,,FALSE,FALSE,FALSE,TRUE,FALSE,FALSE,TRUE,N/A
DRAK,Durack,Western Australia,"Patrick Durack, 1834–98; Michael Patrick Durack, 1865–1950; Dame Mary Gertrude Durack AC DBE, 1913–94; Elizabeth Durack Clancy CMG OBE, 1915–2000; Kimberley Michael Durack, 1917–1968; The Hon Peter Drew Durack QC, 1926–2008",18/12/2008,,FALSE,FALSE,FALSE,TRUE,FALSE,FALSE,TRUE,N/A
EDMO,Eden-Monaro,New South Wales,"Town of Eden, Thawa Country; Monaro region / Maneroo, Ngarigo Country",11/12/1900,,TRUE,N/A,N/A,N/A,N/A,TRUE,N/A,TRUE
FDDN,Fadden,Queensland,"Rt Hon Sir Arthur William Fadden GCMG, 1895–1973",01/11/1977,,FALSE,TRUE,FALSE,FALSE,FALSE,FALSE,TRUE,N/A
FFAX,Fairfax,Queensland,"Ruth Beatrice Fairfax OBE, 1878–1948",13/09/1984,,FALSE,FALSE,FALSE,TRUE,FALSE,FALSE,TRUE,N/A
FRRR,Farrer,New South Wales,"William James Farrer, 1845–1906",11/05/1949,,FALSE,FALSE,FALSE,FALSE,FALSE,FALSE,TRUE,N/A
FNNR,Fenner,Australian Capital Territory,"Prof Frank John Fenner AC CMG MBE FAA FRS FRACP FRCP, 1914–2010",13/07/2018,,FALSE,FALSE,FALSE,FALSE,FALSE,FALSE,TRUE,N/A
FSHR,Fisher,Queensland,"Rt Hon Andrew Fisher, 1862–1928",11/05/1949,,FALSE,TRUE,FALSE,FALSE,FALSE,FALSE,TRUE,N/A
FLND,Flinders,Victoria,"Capt Matthew Flinders RN, 1774–1814",08/10/1900,,TRUE,FALSE,TRUE,FALSE,FALSE,FALSE,FALSE,TRUE
FLYN,Flynn,Queensland,Rev John Flynn OBE 1880–1951,22/11/2006,,FALSE,FALSE,FALSE,FALSE,FALSE,FALSE,TRUE,N/A
FRDE,Forde,Queensland,"Rt Hon Francis Michael Forde, 1890–1983",13/09/1984,,FALSE,TRUE,FALSE,FALSE,FALSE,FALSE,TRUE,N/A
FRST,Forrest,Western Australia,"Rt Hon Sir John Forrest GCMC, 1847–1918",13/09/1922,,FALSE,FALSE,TRUE,FALSE,FALSE,FALSE,TRUE,N/A
FWLR,Fowler,New South Wales,"Elizabeth Lilian Maud Fowler MBE JP, 1887–1954",11/10/1984,,FALSE,FALSE,FALSE,TRUE,FALSE,FALSE,TRUE,N/A
FKLN,Franklin,Tasmania,"RAdm Sir John Franklin KCH FRS FLS FRGS kb, 1786–1847",02/10/1903,,FALSE,FALSE,TRUE,FALSE,FALSE,FALSE,FALSE,TRUE
FRSR,Fraser,Victoria,"Rt Hon John Malcom Fraser AC CH GCL, 1930–2015",13/07/2018,,FALSE,TRUE,FALSE,FALSE,FALSE,FALSE,TRUE,N/A
FREM,Fremantle,Western Australia,"City of Fremantle / Walyalup, Nyungar Country",05/12/1900,,TRUE,N/A,N/A,N/A,N/A,TRUE,N/A,TRUE
GLBD,Gellibrand,Victoria,Joseph Tice Gellibrand 1786–1836,11/05/1949,,FALSE,FALSE,TRUE,FALSE,FALSE,FALSE,TRUE,TRUE
GLMR,Gilmore,New South Wales,"Dame Mary Jean Gilmore DBE, 1865–1962",11/10/1984,,FALSE,FALSE,FALSE,TRUE,FALSE,FALSE,TRUE,N/A
GIPP,Gippsland,Victoria,"Gippsland region / Gunaikurnai, Gunaikurnai Country",08/10/1900,,TRUE,N/A,N/A,N/A,N/A,TRUE,N/A,TRUE
GDST,Goldstein,Victoria,"Vida Jane Mary Goldstein, 1869–1949",14/09/1984,,FALSE,FALSE,FALSE,TRUE,FALSE,FALSE,TRUE,N/A
GRTN,Gorton,Victoria,"Rt Hon Sir John Grey Gorton AC GCMG CH, 1911-2002",29/01/2003,,FALSE,TRUE,FALSE,FALSE,FALSE,FALSE,TRUE,N/A
GYDL,Grayndler,New South Wales,"The Hon Edward Grayndler OBE, 1867–1943",11/05/1949,,FALSE,FALSE,FALSE,FALSE,FALSE,FALSE,TRUE,N/A
GRWY,Greenway,New South Wales,"Francis Howard Greenway, 1777–1837",11/10/1984,,FALSE,FALSE,TRUE,FALSE,FALSE,FALSE,TRUE,N/A
GREY,Grey,South Australia,"Rt Hon Sir George Grey KCB, 1812–98",02/10/1903,,FALSE,FALSE,TRUE,FALSE,FALSE,FALSE,FALSE,N/A
GRFF,Griffith,Queensland,"Rt Hon Sir Samuel Walker Griffith GCMG KC, 1845–1920",01/08/1934,,FALSE,FALSE,FALSE,FALSE,FALSE,FALSE,TRUE,N/A
GROO,Groom,Queensland,"Sir Littleton Ernest Groom KCMG KC, 1867–1936",13/09/1984,,FALSE,FALSE,FALSE,FALSE,FALSE,FALSE,TRUE,N/A
HSLK,Hasluck,Western Australia,"Rt Hon Sir Paul Meernaa Caedwalla Hasluck KG GCMG GCVO, 1905–93; Dame Alexandra Margaret Martin Hasluck AD, 1908–93",20/11/2000,,FALSE,FALSE,FALSE,TRUE,FALSE,FALSE,TRUE,N/A
HWKE,Hawke,Victoria,"The Hon Robert James Lee Hawke AC GCL, 1929–2019",01/01/2021,,FALSE,TRUE,FALSE,FALSE,FALSE,FALSE,TRUE,N/A
HRBT,Herbert,Queensland,"The Hon Sir Robert George Wyndham Herbert GCB, 1831–1905",28/12/1900,,TRUE,FALSE,TRUE,FALSE,FALSE,FALSE,FALSE,FALSE
HMSH,Hindmarsh,South Australia,"RAdm Sir John Hindmarsh KH kb, 1786–1860",02/10/1903,,FALSE,FALSE,TRUE,FALSE,FALSE,FALSE,FALSE,FALSE
HKLR,Hinkler,Queensland,"Lt Herbert ""Bert"" John Louis Hinkler AFC DSM, 1892–1933",13/09/1984,,FALSE,FALSE,FALSE,FALSE,FALSE,FALSE,TRUE,N/A
HOLT,Holt,Victoria,"Rt Hon Harold Edward Holt CH, 1908–1967",21/11/1968,,FALSE,TRUE,FALSE,FALSE,FALSE,FALSE,TRUE,N/A
HTHM,Hotham,Victoria,"Capt Sir Charles Hotham KCB, 1806–55",21/11/1968,,FALSE,FALSE,TRUE,FALSE,FALSE,FALSE,FALSE,N/A
HGHS,Hughes,New South Wales,"Rt Hon William Morris Hughes CH QC, 1862–1952",30/08/1955,,FALSE,TRUE,FALSE,FALSE,FALSE,FALSE,TRUE,N/A
HUME,Hume,New South Wales,"Hamilton Hume, 1797–1873",11/12/1900,,TRUE,FALSE,TRUE,FALSE,FALSE,FALSE,TRUE,TRUE
HNTR,Hunter,New South Wales,"Hunter River / Coquun, Wonnarua & Awabakal Country",11/12/1900,,TRUE,N/A,N/A,N/A,N/A,TRUE,N/A,TRUE
INDI,Indi,Victoria,"Indi / Murray River, Jaithmathang Country",08/10/1900,,TRUE,N/A,N/A,N/A,N/A,TRUE,N/A,TRUE
ISAC,Isaacs,Victoria,"Rt Hon Sir Isaac Alfred Isaacs GCB GCMG KC, 1855–1948",21/11/1968,,FALSE,FALSE,FALSE,FALSE,FALSE,FALSE,TRUE,N/A
JAGA,Jagajaga,Victoria,"Jaga Jaga Billibellary, c. 1799–1846",14/09/1984,,FALSE,FALSE,TRUE,FALSE,TRUE,FALSE,TRUE,N/A
KNDY,Kennedy,Queensland,"Edmund Besley Court Kennedy JP, 1818–48",28/12/1900,,TRUE,FALSE,TRUE,FALSE,FALSE,FALSE,FALSE,N/A
KFDS,Kingsford Smith,New South Wales,"Air Cdre Sir Charles Edward Kingsford Smith MC AFC kb, 1897–1935",11/05/1949,,FALSE,FALSE,FALSE,FALSE,FALSE,FALSE,TRUE,TRUE
KSTN,Kingston,South Australia,"Rt Hon Charles Cameron Kingston, 1850–1908",11/05/1949,,FALSE,FALSE,FALSE,FALSE,FALSE,FALSE,TRUE,N/A
KOOY,Kooyong,Victoria,"Suburb of Kooyong, Wurundjeri Country",08/10/1900,,TRUE,N/A,N/A,N/A,N/A,TRUE,N/A,TRUE
LTRB,La Trobe,Victoria,"Capt Charles Joseph La Trobe CB, 1801–75",11/05/1949,,FALSE,FALSE,TRUE,FALSE,FALSE,FALSE,FALSE,N/A
LALR,Lalor,Victoria,"The Hon Peter Fintan Lalor, 1827–89",11/05/1949,,FALSE,FALSE,TRUE,FALSE,FALSE,FALSE,TRUE,N/A
LCHT,Leichhardt,Queensland,"Friedrich Wilhelm Ludwig Leichhardt, 1813–48",11/05/1949,,FALSE,FALSE,TRUE,FALSE,FALSE,FALSE,FALSE,N/A
LLLY,Lilley,Queensland,"The Hon Sir Charles Lilley QC kb, 1827–97",01/02/1913,,FALSE,FALSE,TRUE,FALSE,FALSE,FALSE,TRUE,N/A
LDSY,Lindsay,New South Wales,"Norman Alfred William Lindsay, 1879–1969",11/10/1984,,FALSE,FALSE,FALSE,FALSE,FALSE,FALSE,TRUE,N/A
LNGI,Lingiari,Northern Territory,"Vincent Lingiari AM, 1908–88",21/12/2000,,FALSE,FALSE,FALSE,FALSE,TRUE,FALSE,TRUE,N/A
LGMN,Longman,Queensland,"Irene Maud Longman, 1877–1964",01/12/1994,,FALSE,FALSE,FALSE,TRUE,FALSE,FALSE,TRUE,N/A
LYNE,Lyne,New South Wales,"The Hon Sir William John Lyne KCMG, 1844–1913",11/05/1949,,FALSE,FALSE,FALSE,FALSE,FALSE,FALSE,TRUE,N/A
LYNS,Lyons,Tasmania,Rt Hon Joseph Aloysius Lyons CH 1879–1939; The Hon Dame Enid Muriel Lyons AD GBE 1897–1981,12/09/1984,,FALSE,TRUE,FALSE,TRUE,FALSE,FALSE,TRUE,N/A
MCTH,Macarthur,New South Wales,"Elizabeth Macarthur, 1766–1850; Capt John Macarthur, 1767–1834",11/05/1949,,FALSE,FALSE,TRUE,TRUE,FALSE,FALSE,TRUE,TRUE
MKLR,Mackellar,New South Wales,"Isobel Marion Dorothea Mackellar OBE, 1885–1968",11/05/1949,,FALSE,FALSE,FALSE,TRUE,FALSE,FALSE,TRUE,N/A
MCNM,Macnamara,Victoria,"Dame Annie Jean Connor (née Macnamara) DBE, 1899–1968",13/07/2018,,FALSE,FALSE,FALSE,TRUE,FALSE,FALSE,TRUE,N/A
MACQ,Macquarie,New South Wales,"Maj Gen Lachlan Macquarie CB, 1762–1824",11/12/1900,,TRUE,FALSE,TRUE,FALSE,FALSE,FALSE,FALSE,TRUE
MAKN,Makin,South Australia,"The Hon Norman John Oswald Makin AO, 1889–1982",03/09/1984,,FALSE,FALSE,FALSE,FALSE,FALSE,FALSE,TRUE,N/A
MLLE,Mallee,Victoria,"Mallee region / Mali, Wergaia Country",11/05/1949,,FALSE,N/A,N/A,N/A,N/A,TRUE,N/A,TRUE
MRNA,Maranoa,Queensland,"Maranoa River / Marangoa, Mandandanji Country",28/12/1900,,TRUE,N/A,N/A,N/A,N/A,TRUE,N/A,TRUE
MBYN,Maribyrnong,Victoria,"Maribyrnong River / Mirrangbamurn, Wurundjeri Country",13/07/1906,,FALSE,N/A,N/A,N/A,N/A,TRUE,N/A,FALSE
MAYO,Mayo,South Australia,"Helen Mary Mayo OBE, 1878–1967",03/09/1984,,FALSE,FALSE,FALSE,TRUE,FALSE,FALSE,TRUE,N/A
MCEW,McEwen,Victoria,"Rt Hon Sir John McEwen GCMG CH, 1900–80",14/09/1984,,FALSE,TRUE,FALSE,FALSE,FALSE,FALSE,TRUE,N/A
MMHN,McMahon,New South Wales,"Rt Hon Sir William McMahon GCMG CH, 1908–88",22/12/2009,,FALSE,TRUE,FALSE,FALSE,FALSE,FALSE,TRUE,N/A
MPHS,McPherson,Queensland,"McPherson Range / Woonoongoora, Bundjalung & Yugambeh Country",11/05/1949,,FALSE,N/A,N/A,N/A,N/A,TRUE,N/A,FALSE
MELB,Melbourne,Victoria,"City of Melbourne / Naarm, Wurundjeri Country",08/10/1900,,TRUE,N/A,N/A,N/A,N/A,TRUE,N/A,TRUE
MNZS,Menzies,Victoria,"Rt Hon Sir Robert Gordon Menzies KT AK CH QC FAA FRS, 1894–1978",14/09/1984,,FALSE,TRUE,FALSE,FALSE,FALSE,FALSE,TRUE,N/A
MTCH,Mitchell,New South Wales,"Lt Col Sir Thomas Livingstone Mitchell kb, 1792–1855",11/05/1949,,FALSE,FALSE,TRUE,FALSE,FALSE,FALSE,FALSE,N/A
MNSH,Monash,Victoria,"Gen Sir John Monash GCMG KCB VD, 1865–1931",13/07/2018,,FALSE,FALSE,FALSE,FALSE,FALSE,FALSE,TRUE,FALSE
MCRF,Moncrieff,Queensland,"Gladys Lillian Moncrieff OBE, 1892–1976",13/09/1984,,FALSE,FALSE,FALSE,TRUE,FALSE,FALSE,TRUE,N/A
MOOR,Moore,Western Australia,"George Fletcher Moore, 1798–1886",11/05/1949,,FALSE,FALSE,TRUE,FALSE,FALSE,FALSE,FALSE,N/A
MRTN,Moreton,Queensland,"Moreton Bay / Quandamooka, Quandamooka Country",28/12/1900,,TRUE,N/A,N/A,N/A,N/A,TRUE,N/A,FALSE
NENG,New England,New South Wales,"New England region, Kamilaroi Country",11/12/1900,,TRUE,N/A,N/A,N/A,N/A,TRUE,N/A,TRUE
NEWC,Newcastle,New South Wales,"City of Newcastle / Mulubinba,  Awabakal & Worimi Country",11/12/1900,,TRUE,N/A,N/A,N/A,N/A,TRUE,N/A,TRUE
NCHL,Nicholls,Victoria,"The Hon Sir Douglas Ralph Nicholls KCVO OBE, 1906–88; Gladys Naby Muriel Nicholls Lady Nicholls, 1906–81",13/07/2018,,FALSE,FALSE,FALSE,TRUE,TRUE,FALSE,TRUE,N/A
OCNR,O'Connor,Western Australia,"Charles Yelverton O'Connor CMG, 1843–1902",28/02/1980,,FALSE,FALSE,TRUE,FALSE,FALSE,FALSE,TRUE,N/A
OXLY,Oxley,Queensland,"Lt John Joseph William Molesworth Oxley, 1784–1828",11/05/1949,,FALSE,FALSE,TRUE,FALSE,FALSE,FALSE,FALSE,FALSE
PAGE,Page,New South Wales,"Rt Hon Sir Earle Christmas Grafton Page GCMG CH FRCS, 1880–1961",11/10/1984,,FALSE,TRUE,FALSE,FALSE,FALSE,FALSE,TRUE,N/A
PRKS,Parkes,New South Wales,"The Hon Sir Henry Parkes GCMG, 1815–96",11/10/1984,,FALSE,FALSE,FALSE,FALSE,FALSE,FALSE,TRUE,TRUE
PMTA,Parramatta,New South Wales,"City of Parramatta / Burramatta, Dharug Country",11/12/1900,,TRUE,N/A,N/A,N/A,N/A,TRUE,N/A,TRUE
PTSN,Paterson,New South Wales,"Col William Paterson FRS, 1755–1810; Andrew Barton ""Banjo"" Paterson CBE, 1864–1941",31/01/1992,,FALSE,FALSE,FALSE,FALSE,FALSE,FALSE,TRUE,FALSE
PRCE,Pearce,Western Australia,"Rt Hon Sir George Foster Pearce KVCO, 1870–1952",31/03/1989,,FALSE,FALSE,FALSE,FALSE,FALSE,FALSE,TRUE,FALSE
PRTH,Perth,Western Australia,"City of Perth / Boorloo, Nyungar Country",05/12/1900,,TRUE,N/A,N/A,N/A,N/A,TRUE,N/A,TRUE
PTRI,Petrie,Queensland,"Andrew Petrie, 1798–1872",11/05/1949,,FALSE,FALSE,TRUE,FALSE,FALSE,FALSE,TRUE,FALSE
RNKN,Rankin,Queensland,"The Hon Dame Annabelle Jane Mary Rankin DBE, 1908–86",13/09/1984,,FALSE,FALSE,FALSE,TRUE,FALSE,FALSE,TRUE,N/A
REID,Reid,New South Wales,"Rt Hon Sir George Houstoun Reid GCB GCMG KC, 1845–1918",13/09/1922,,FALSE,TRUE,FALSE,FALSE,FALSE,FALSE,TRUE,N/A
RCHM,Richmond,New South Wales,"Richmond River, Githabul Country",11/12/1900,,TRUE,N/A,N/A,N/A,N/A,TRUE,N/A,FALSE
RIVA,Riverina,New South Wales,"Riverina region, Wiradjuri Country",31/01/1992,,FALSE,N/A,N/A,N/A,N/A,TRUE,N/A,TRUE
ROBN,Robertson,New South Wales,"The Hon Sir John Robertson KCMG, 1816–91",11/12/1900,,TRUE,FALSE,TRUE,FALSE,FALSE,FALSE,TRUE,N/A
RYAN,Ryan,Queensland,"The Hon Thomas Joseph Ryan KC, 1876–1921",11/05/1949,,FALSE,FALSE,FALSE,FALSE,FALSE,FALSE,TRUE,N/A
SCLN,Scullin,Victoria,"Rt Hon James Henry Scullin, 1876–1953",21/11/1968,,FALSE,TRUE,FALSE,FALSE,FALSE,FALSE,TRUE,N/A
SHTL,Shortland,New South Wales,"Capt John Shortland, 1769–1810",11/05/1949,,FALSE,FALSE,TRUE,FALSE,FALSE,FALSE,FALSE,FALSE
SLMN,Solomon,Northern Territory,"The Hon Vaiben Louis Solomon, 1853–1908",21/12/2000,,FALSE,FALSE,FALSE,FALSE,FALSE,FALSE,TRUE,N/A
SPNC,Spence,South Australia,"Catherine Helen Spence, 1825–1910",20/07/2018,,FALSE,FALSE,FALSE,TRUE,FALSE,FALSE,TRUE,N/A
STRT,Sturt,South Australia,"Capt Charles Napier Sturt,  1795–1869",11/05/1949,,FALSE,FALSE,TRUE,FALSE,FALSE,FALSE,FALSE,N/A
SWAN,Swan,Western Australia,"Swan River / Derbarl Yerrigan, Nyungar Country",05/12/1900,,TRUE,N/A,N/A,N/A,N/A,TRUE,N/A,TRUE
SYDN,Sydney,New South Wales,"City of Sydney / Warrane, Gadigal Country",21/11/1968,,FALSE,N/A,N/A,N/A,N/A,TRUE,N/A,TRUE
TGNY,Tangney,Western Australia,"Dame Dorothy Margaret Tangney DBE, 1907–85",19/04/1974,,FALSE,FALSE,FALSE,TRUE,FALSE,FALSE,TRUE,N/A
WNNN,Wannon,Victoria,"Wannon River, Jardwadjali Country",08/10/1900,,TRUE,N/A,N/A,N/A,N/A,TRUE,N/A,TRUE
WGAH,Warringah,New South Wales,"Warrin ga / Middle Harbour, Gamaragal Country",13/09/1922,,FALSE,N/A,N/A,N/A,N/A,TRUE,N/A,TRUE
WTSN,Watson,New South Wales,"The Hon John Christian Watson, 1867–1941",31/01/1992,,FALSE,TRUE,FALSE,FALSE,FALSE,FALSE,TRUE,N/A
WWTH,Wentworth,New South Wales,"The Hon William Charles Wentworth, 1790 –1872",11/12/1900,,TRUE,FALSE,TRUE,FALSE,FALSE,FALSE,TRUE,N/A
WRWA,Werriwa,New South Wales,"Weereewa / Lake George, Ngunnawal Country",11/12/1900,,TRUE,N/A,N/A,N/A,N/A,TRUE,N/A,FALSE
WHLM,Whitlam,New South Wales,"The Hon Edward Gough Whitlam AC QC, 1916–2014",25/02/2016,,FALSE,TRUE,FALSE,FALSE,FALSE,FALSE,TRUE,N/A
WDBY,Wide Bay,Queensland,"Wide Bay / Cooloola, Butchulla Country",28/12/1900,,TRUE,N/A,N/A,N/A,N/A,TRUE,N/A,TRUE
WLLS,Wills,Victoria,"William John Wills, 1834–61",11/05/1949,,FALSE,FALSE,TRUE,FALSE,FALSE,FALSE,FALSE,N/A
WGHT,Wright,Queensland,"Judith Arundell Wright, 1915–2000",15/12/2009,,FALSE,FALSE,FALSE,TRUE,FALSE,FALSE,TRUE,N/A
ANGS,Angas,South Australia,"George Fife Angas, 1789–1879",11/05/1949,01/11/1977,FALSE,FALSE,TRUE,FALSE,FALSE,FALSE,TRUE,N/A
AGAS,Angas,South Australia,"George Fife Angas, 1789–1879",02/10/1903,01/08/1934,FALSE,FALSE,TRUE,FALSE,FALSE,FALSE,TRUE,N/A
ACAP,Australian Capital Territory,Australian Capital Territory,"Australian Capital Territory, Ngunnawal & Ngambri Country",15/09/1949,19/04/1974,FALSE,N/A,N/A,N/A,N/A,TRUE,N/A,N/A
BCVA,Balaclava,Victoria,"Suburb of Balaclava, Boonwurrung Country",08/10/1900,14/09/1984,TRUE,N/A,N/A,N/A,N/A,TRUE,N/A,N/A
BLAA,Ballaarat,Victoria,"City of Ballarat / balla arat , Wathawurrung Country",08/10/1900,07/11/1977,TRUE,N/A,N/A,N/A,N/A,TRUE,N/A,N/A
BRRR,Barrier,New South Wales,"Barrier Ranges, Wilyakali Country",11/12/1900,13/09/1922,TRUE,N/A,N/A,N/A,N/A,TRUE,N/A,N/A
BATM,Batman,Victoria,"John Batman, 1801–39",13/07/1906,13/07/2018,FALSE,FALSE,TRUE,FALSE,FALSE,FALSE,TRUE,N/A
BLND,Bland,New South Wales,"William Bland, 1789–1868",11/12/1900,13/07/1906,TRUE,FALSE,TRUE,FALSE,FALSE,FALSE,TRUE,N/A
BYTH,Bonython,South Australia,"The Hon Sir John Langdon Bonython KCMG, 1848–1939",19/10/1955,17/12/2003,FALSE,FALSE,FALSE,FALSE,FALSE,FALSE,TRUE,N/A
BOUK,Bourke,Victoria,"Gen Sir Richard Bourke KCB, 1777–1856",08/10/1900,11/05/1949,TRUE,FALSE,TRUE,FALSE,FALSE,FALSE,FALSE,N/A
BRKE,Burke,Victoria,"Lt Robert O'Hara Burke, 1821–61",21/11/1968,29/01/2003,FALSE,FALSE,TRUE,FALSE,FALSE,FALSE,TRUE,N/A
BURK,Burke,Victoria,"Lt Robert O'Hara Burke, 1821–61",11/05/1949,10/08/1955,FALSE,FALSE,TRUE,FALSE,FALSE,FALSE,TRUE,N/A
CNBL,Canobolas,New South Wales,"Mount Canobolas / Gaanha Bula , Wiradjuri Country",11/12/1900,13/07/1906,TRUE,N/A,N/A,N/A,N/A,TRUE,N/A,N/A
CHLN,Charlton,New South Wales,"Matthew Charlton, 1866–1948",11/10/1984,25/02/2016,FALSE,FALSE,FALSE,FALSE,FALSE,FALSE,TRUE,N/A
COOX,Cook,New South Wales,"Capt James Cook FRS, 1728–79",13/07/1906,30/08/1955,FALSE,FALSE,TRUE,FALSE,FALSE,FALSE,FALSE,N/A
CLGD,Coolgardie,Western Australia,"Town of Coolgardie, Wangkatha Country",05/12/1900,01/02/1913,TRUE,N/A,N/A,N/A,N/A,TRUE,N/A,N/A
CNLA,Corinella,Victoria,"Town of Corinella, Boonwurrung Country",05/06/1989,20/12/1994,FALSE,N/A,N/A,N/A,N/A,TRUE,N/A,N/A
CRNL,Corinella,Victoria,"Corinella farming run near Eganstown, Dja Dja Wurrung Country",26/09/1900,13/07/1906,TRUE,N/A,N/A,N/A,N/A,TRUE,N/A,N/A
DLLY,Dalley,New South Wales,"Rt Hon William Bede Dalley QC, 1831–88",11/12/1900,21/11/1968,TRUE,FALSE,TRUE,FALSE,FALSE,FALSE,TRUE,N/A
DMPR,Dampier,Western Australia,"William Dampier, 1651–1715",01/02/1913,13/09/1922,FALSE,FALSE,TRUE,FALSE,FALSE,FALSE,FALSE,N/A
DRBN,Darebin,Victoria,"Darebin Creek / Dirrabeen, Wurundjeri Country ",11/05/1949,21/11/1968,FALSE,N/A,N/A,N/A,N/A,TRUE,N/A,N/A
DARL,Darling,New South Wales,"Darling River / Baaka, Barkindji Country",11/12/1900,01/11/1977,TRUE,N/A,N/A,N/A,N/A,TRUE,N/A,N/A
DDWN,Darling Downs,Queensland,"Darling Downs region, Baranggum Country",28/12/1900,13/09/1984,TRUE,N/A,N/A,N/A,N/A,TRUE,N/A,N/A
DRWN,Darwin,Tasmania,"Mount Darwin, Toogee Country",02/10/1903,30/08/1955,FALSE,N/A,N/A,N/A,N/A,TRUE,N/A,N/A
DNSN,Denison,Tasmania,"Sir William Thomas Denison KCB, 1804–1871",02/10/1903,14/11/2017,FALSE,FALSE,TRUE,FALSE,FALSE,FALSE,FALSE,N/A
DMVL,Diamond Valley,Victoria,"Diamond Creek / Nillumbik, Wurundjeri Country",21/11/1968,14/09/1984,FALSE,N/A,N/A,N/A,N/A,TRUE,N/A,N/A
DUND,Dundas,New South Wales,"Suburb of Dundas, Dharug Country",01/11/1977,31/01/1992,FALSE,N/A,N/A,N/A,N/A,TRUE,N/A,N/A
ESYD,East Sydney,New South Wales,"Locality of East Sydney, Gadigal Country",11/12/1900,21/11/1968,TRUE,N/A,N/A,N/A,N/A,TRUE,N/A,N/A
ECHU,Echuca,Victoria,"Town of Echuca,Yorta Yorta Country",08/10/1900,21/07/1937,TRUE,N/A,N/A,N/A,N/A,TRUE,N/A,N/A
EVNS,Evans,New South Wales,"George William Evans, 1775–1852",11/05/1949,01/11/1977,FALSE,FALSE,TRUE,FALSE,FALSE,FALSE,TRUE,N/A
FAWK,Fawkner,Victoria,"John Pascoe Fawkner, 1792–1869",13/07/1906,21/11/1968,FALSE,FALSE,TRUE,FALSE,FALSE,FALSE,TRUE,N/A
FRAS,Fraser,Australian Capital Territory,"James Reay Fraser, 1908–70",19/04/1974,28/01/2016,FALSE,FALSE,FALSE,FALSE,FALSE,FALSE,TRUE,N/A
GRPS,Grampians,Victoria,"Grampians Range / Gariwerd, Jardwadjali Country",08/10/1900,04/10/1922,TRUE,N/A,N/A,N/A,N/A,TRUE,N/A,N/A
GWYD,Gwydir,New South Wales,"Gwydir River / Guwayda, Kamilaroi Country",11/12/1900,22/11/2006,TRUE,N/A,N/A,N/A,N/A,TRUE,N/A,N/A
HWKR,Hawker,South Australia,"The Hon Charles Allan Seymour Hawker, 1894–1938",21/11/1968,17/01/1992,FALSE,FALSE,FALSE,FALSE,FALSE,FALSE,TRUE,N/A
HNTY,Henty,Victoria,"Francis Henty, 1815–89",01/02/1913,05/06/1989,FALSE,FALSE,TRUE,FALSE,FALSE,FALSE,TRUE,N/A
HGNS,Higgins,Victoria,"The Hon Henry Bournes Higgins KC, 1851–1929",11/05/1949,27/11/2024,FALSE,FALSE,FALSE,FALSE,FALSE,FALSE,TRUE,N/A
HBTH,Higinbotham,Victoria,"George Higinbotham, 1826–92",11/05/1949,21/11/1968,FALSE,FALSE,TRUE,FALSE,FALSE,FALSE,TRUE,N/A
HDDL,Hoddle,Victoria,"Robert Hoddle, 1794–1881",11/05/1949,10/08/1955,FALSE,FALSE,TRUE,FALSE,FALSE,FALSE,FALSE,N/A
ILWA,Illawarra,New South Wales,"Illawarra region / Allowrie, Tharawal Country",11/12/1900,13/09/1922,TRUE,N/A,N/A,N/A,N/A,TRUE,N/A,N/A
ISAA,Isaacs,Victoria,"Rt Hon Sir Isaac Alfred Isaacs GCB GCMG KC, 1855–1948",11/05/1949,21/11/1968,FALSE,FALSE,FALSE,FALSE,FALSE,FALSE,TRUE,N/A
KLGR,Kalgoorlie,Western Australia,"City of Kalgoorlie / Kalgurli, Wangkatja Country",05/12/1900,18/12/2008,TRUE,N/A,N/A,N/A,N/A,TRUE,N/A,N/A
LAAC,Laanecoorie,Victoria,"Locality of Laanecoorie, Dja Dja Wurrung Country",08/10/1900,01/02/1913,TRUE,N/A,N/A,N/A,N/A,TRUE,N/A,N/A
LANG,Lang,New South Wales,"Rev John Dunmore Lang DD, 1799–1878",11/12/1900,01/11/1977,TRUE,FALSE,TRUE,FALSE,FALSE,FALSE,TRUE,N/A
LWSN,Lawson,New South Wales,"Henry Archibald Hertzberg Lawson, 1867–1922",11/05/1949,21/11/1968,FALSE,FALSE,FALSE,FALSE,FALSE,FALSE,TRUE,N/A
LOWE,Lowe,New South Wales,"Rt Hon Robert Lowe 1st Viscount Sherbrooke GCB PC, 1811–92",11/05/1949,22/12/2009,FALSE,FALSE,TRUE,FALSE,FALSE,FALSE,FALSE,N/A
MART,Martin,New South Wales,"The Hon Sir James Martin QC kb, 1820–86",13/09/1922,30/08/1955,FALSE,FALSE,TRUE,FALSE,FALSE,FALSE,TRUE,N/A
MMLN,McMillan,Victoria,"Angus McMillan, 1810–65",11/05/1949,13/07/2018,FALSE,FALSE,TRUE,FALSE,FALSE,FALSE,TRUE,N/A
MBPT,Melbourne Ports,Victoria,"City of Port Melbourne, Boonwurrung Country",08/10/1900,13/07/2018,TRUE,N/A,N/A,N/A,N/A,TRUE,N/A,N/A
MNDA,Mernda,Victoria,"Suburb of Mernda, Wurundjeri Country",08/10/1900,01/02/1913,TRUE,N/A,N/A,N/A,N/A,TRUE,N/A,N/A
MOIR,Moira,Victoria,"County of Moira, Yorta Yorta & Bangerang Country",08/10/1900,13/07/1906,TRUE,N/A,N/A,N/A,N/A,TRUE,N/A,N/A
MRRY,Murray,Victoria,"Murray River / Millewa-Tongala, Ngarrindjeri & Yorta Yorta Country",11/05/1949,13/07/2018,FALSE,N/A,N/A,N/A,N/A,TRUE,N/A,N/A
NDGI,Namadgi,Australian Capital Territory,"Namadgi National Park, Ngunnawal & Ngambri Country",30/09/1994,10/12/1997,FALSE,N/A,N/A,N/A,N/A,TRUE,N/A,N/A
NEPN,Nepean,New South Wales,"Nepean River / Yandhai, Dharug Country",13/07/1906,13/09/1922,FALSE,N/A,N/A,N/A,N/A,TRUE,N/A,N/A
NSYD,North Sydney,New South Wales,"City of North Sydney / Cammeraygal, Gamaragal Country",11/12/1900,27/11/2024,TRUE,N/A,N/A,N/A,N/A,TRUE,N/A,N/A
NMEL,Northern Melbourne,Victoria,"Suburb of North Melbourne / Yerndaville, Wurundjeri Country",08/10/1900,13/07/1906,TRUE,N/A,N/A,N/A,N/A,TRUE,N/A,N/A
NTER,Northern Territory,Northern Territory,Northern Territory of Australia,11/10/1922,21/12/2000,FALSE,N/A,N/A,N/A,N/A,TRUE,N/A,N/A
OXLE,Oxley,Queensland,"Lt John Joseph William Molesworth Oxley, 1784–1828",28/12/1900,01/08/1934,TRUE,FALSE,TRUE,FALSE,FALSE,FALSE,FALSE,N/A
PARK,Parkes,New South Wales,"The Hon Sir Henry Parkes GCMG, 1815–96",11/12/1900,21/11/1968,TRUE,FALSE,FALSE,FALSE,FALSE,FALSE,TRUE,N/A
PATS,Paterson,New South Wales,"Col William Paterson FRS, 1755–1810",11/05/1949,11/10/1984,FALSE,FALSE,TRUE,FALSE,FALSE,FALSE,FALSE,N/A
PHLP,Phillip,New South Wales,"Adm Arthur Phillip, 1738–1814",11/05/1949,31/01/1992,FALSE,FALSE,TRUE,FALSE,FALSE,FALSE,FALSE,N/A
PTAD,Port Adelaide,South Australia,"Suburb of Port Adelaide / Yartapuulti, Kaurna Country",11/05/1949,20/07/2018,FALSE,N/A,N/A,N/A,N/A,TRUE,N/A,N/A
PSPC,Prospect,New South Wales,"Prospect Reservoir / Mararong, Dharug Country",21/11/1968,22/12/2009,FALSE,N/A,N/A,N/A,N/A,TRUE,N/A,N/A
RVRA,Riverina,New South Wales,"Riverina region, Wiradjuri Country",11/12/1900,11/10/1984,TRUE,N/A,N/A,N/A,N/A,TRUE,N/A,N/A
RVDA,Riverina-Darling,New South Wales,"Riverina region, Wiradjuri Country; Darling River / Baaka, Barkindji Country",11/10/1984,31/01/1992,FALSE,N/A,N/A,N/A,N/A,TRUE,N/A,N/A
SCUL,Scullin,Victoria,"Rt Hon James Henry Scullin, 1876–1953",10/08/1955,21/11/1968,FALSE,TRUE,FALSE,FALSE,FALSE,FALSE,TRUE,N/A
SAUS,South Australia,South Australia,State of South Australia,01/01/1901,02/10/1903,TRUE,N/A,N/A,N/A,N/A,TRUE,N/A,N/A
SSYD,South Sydney,New South Wales,"Inner South region / Gadi , Gadigal Country",11/12/1900,01/08/1934,TRUE,N/A,N/A,N/A,N/A,TRUE,N/A,N/A
SMEL,Southern Melbourne,Victoria,"Suburb of South Melbourne / Nerre-nerre-minum, Boonwurrung Country",08/10/1900,13/07/1906,TRUE,N/A,N/A,N/A,N/A,TRUE,N/A,N/A
SGEO,St George,New South Wales,"St George region / Cogerah , Gadigal Country",11/05/1949,31/01/1992,FALSE,N/A,N/A,N/A,N/A,TRUE,N/A,N/A
STLG,Stirling,Western Australia,Adm Sir James Stirling kb 1791–1865,30/08/1955,02/09/2021,FALSE,FALSE,TRUE,FALSE,FALSE,FALSE,FALSE,N/A
STRE,Streeton,Victoria,"Sir Arthur Ernest Streeton kb, 1867–1943",14/09/1984,05/06/1989,FALSE,FALSE,FALSE,FALSE,FALSE,FALSE,TRUE,N/A
TASM,Tasmania,Tasmania,"State of Tasmania / lutruwita, palawa kani Country",01/01/1901,02/10/1903,TRUE,N/A,N/A,N/A,N/A,TRUE,N/A,N/A
THBY,Throsby,New South Wales,"Charles Throsby, 1771–1828",11/10/1984,25/02/2016,FALSE,FALSE,TRUE,FALSE,FALSE,FALSE,TRUE,N/A
WKFD,Wakefield,South Australia,"Edward Gibbon Wakefield, 1796–1862",02/10/1903,20/07/2018,FALSE,FALSE,TRUE,FALSE,FALSE,FALSE,FALSE,N/A
WATS,Watson,New South Wales,"The Hon John Christian Watson, 1867–1941",01/08/1934,21/11/1968,FALSE,TRUE,FALSE,FALSE,FALSE,FALSE,TRUE,N/A
WSYD,West Sydney,New South Wales,"Inner West region / Pirrama, Dharug Country",11/12/1900,21/11/1968,TRUE,N/A,N/A,N/A,N/A,TRUE,N/A,N/A
WLMT,Wilmot,Tasmania,Sir John Eardley Eardley-Wilmot 1st Baronet FRS 1783–1847,02/10/1903,12/09/1984,FALSE,FALSE,TRUE,FALSE,FALSE,FALSE,TRUE,N/A
WIMM,Wimmera,Victoria,"Wimmera region, Yartwatjali Country",08/10/1900,07/11/1977,TRUE,N/A,N/A,N/A,N/A,TRUE,N/A,N/A
YARR,Yarra,Victoria,"Yarra River / Birrarung, Wurundjeri Country",08/10/1900,21/11/1968,TRUE,N/A,N/A,N/A,N/A,TRUE,N/A,N/A
