SA1_CODE,SA2_CODE,SA2_NAME,DIVISION,ACTUAL,PROJECTED
60101100101,601011001,Bridgewater - Gagebrook,LYONS,188,214
60101100102,601011001,Bridgewater - Gagebrook,LYONS,256,267
60101100103,601011001,Bridgewater - Gagebrook,LYONS,178,202
60101100104,601011001,Bridgewater - Gagebrook,LYONS,141,148
60101100105,601011001,Bridgewater - Gagebrook,LYONS,214,230
60101100106,601011001,Bridgewater - Gagebrook,LYONS,225,244
60101100107,601011001,Bridgewater - Gagebrook,LYONS,224,239
60101100108,601011001,Bridgewater - Gagebrook,LYONS,258,268
60101100109,601011001,Bridgewater - Gagebrook,LYONS,270,295
60101100110,601011001,Bridgewater - Gagebrook,LYONS,214,237
60101100111,601011001,Bridgewater - Gagebrook,LYONS,221,242
60101100112,601011001,Bridgewater - Gagebrook,LYONS,299,342
60101100113,601011001,Bridgewater - Gagebrook,LYONS,309,328
60101100114,601011001,Bridgewater - Gagebrook,LYONS,325,384
60101100115,601011001,Bridgewater - Gagebrook,LYONS,251,256
60101100116,601011001,Bridgewater - Gagebrook,LYONS,183,206
60101100117,601011001,Bridgewater - Gagebrook,LYONS,244,305
60101100118,601011001,Bridgewater - Gagebrook,LYONS,357,376
60101100119,601011001,Bridgewater - Gagebrook,LYONS,336,312
60101100120,601011001,Bridgewater - Gagebrook,LYONS,433,471
60101100121,601011001,Bridgewater - Gagebrook,LYONS,235,274
60101100122,601011001,Bridgewater - Gagebrook,LYONS,338,363
60101100123,601011001,Bridgewater - Gagebrook,LYONS,135,147
60101100201,601011002,Brighton - Pontville,LYONS,406,476
60101100202,601011002,Brighton - Pontville,LYONS,349,384
60101100203,601011002,Brighton - Pontville,LYONS,289,339
60101100204,601011002,Brighton - Pontville,LYONS,439,511
60101100205,601011002,Brighton - Pontville,LYONS,328,372
60101100209,601011002,Brighton - Pontville,LYONS,412,464
60101100210,601011002,Brighton - Pontville,LYONS,349,375
60101100211,601011002,Brighton - Pontville,LYONS,883,1036
60101100212,601011002,Brighton - Pontville,LYONS,580,695
60101100213,601011002,Brighton - Pontville,LYONS,563,643
60101100214,601011002,Brighton - Pontville,LYONS,502,582
60101100301,601011003,Old Beach - Otago,FRANKLIN,0,0
60101100302,601011003,Old Beach - Otago,LYONS,557,593
60101100304,601011003,Old Beach - Otago,LYONS,250,292
60101100305,601011003,Old Beach - Otago,LYONS,236,270
60101100306,601011003,Old Beach - Otago,LYONS,454,506
60101100307,601011003,Old Beach - Otago,FRANKLIN,461,497
60101100308,601011003,Old Beach - Otago,LYONS,455,464
60101100310,601011003,Old Beach - Otago,LYONS,397,411
60101100311,601011003,Old Beach - Otago,LYONS,338,347
60101100312,601011003,Old Beach - Otago,LYONS,706,735
60101100313,601011003,Old Beach - Otago,LYONS,97,96
60102100401,601021004,Bellerive - Rosny,FRANKLIN,2,2
60102100402,601021004,Bellerive - Rosny,FRANKLIN,198,191
60102100403,601021004,Bellerive - Rosny,FRANKLIN,5,5
60102100404,601021004,Bellerive - Rosny,FRANKLIN,390,369
60102100405,601021004,Bellerive - Rosny,FRANKLIN,271,284
60102100406,601021004,Bellerive - Rosny,FRANKLIN,317,307
60102100407,601021004,Bellerive - Rosny,FRANKLIN,271,244
60102100408,601021004,Bellerive - Rosny,FRANKLIN,253,249
60102100409,601021004,Bellerive - Rosny,FRANKLIN,290,310
60102100410,601021004,Bellerive - Rosny,FRANKLIN,342,338
60102100411,601021004,Bellerive - Rosny,FRANKLIN,168,155
60102100412,601021004,Bellerive - Rosny,FRANKLIN,453,429
60102100413,601021004,Bellerive - Rosny,FRANKLIN,330,333
60102100414,601021004,Bellerive - Rosny,FRANKLIN,214,217
60102100415,601021004,Bellerive - Rosny,FRANKLIN,220,226
60102100416,601021004,Bellerive - Rosny,FRANKLIN,224,219
60102100417,601021004,Bellerive - Rosny,FRANKLIN,407,407
60102100418,601021004,Bellerive - Rosny,FRANKLIN,205,217
60102100419,601021004,Bellerive - Rosny,FRANKLIN,228,220
60102100501,601021005,Cambridge,FRANKLIN,340,352
60102100502,601021005,Cambridge,FRANKLIN,544,573
60102100503,601021005,Cambridge,FRANKLIN,331,369
60102100504,601021005,Cambridge,FRANKLIN,227,242
60102100505,601021005,Cambridge,FRANKLIN,439,478
60102100506,601021005,Cambridge,FRANKLIN,239,257
60102100507,601021005,Cambridge,FRANKLIN,15,15
60102100508,601021005,Cambridge,FRANKLIN,309,317
60102100509,601021005,Cambridge,FRANKLIN,0,0
60102100510,601021005,Cambridge,FRANKLIN,331,322
60102100511,601021005,Cambridge,FRANKLIN,493,527
60102100512,601021005,Cambridge,FRANKLIN,259,270
60102100513,601021005,Cambridge,FRANKLIN,308,328
60102100514,601021005,Cambridge,FRANKLIN,242,264
60102100515,601021005,Cambridge,FRANKLIN,170,174
60102100516,601021005,Cambridge,FRANKLIN,287,284
60102100517,601021005,Cambridge,FRANKLIN,346,342
60102100518,601021005,Cambridge,FRANKLIN,294,311
60102100519,601021005,Cambridge,FRANKLIN,267,285
60102100520,601021005,Cambridge,FRANKLIN,556,628
60102100521,601021005,Cambridge,FRANKLIN,451,468
60102100522,601021005,Cambridge,FRANKLIN,4,4
60102100523,601021005,Cambridge,FRANKLIN,38,43
60102100524,601021005,Cambridge,FRANKLIN,191,204
60102100601,601021006,Geilston Bay - Risdon,FRANKLIN,475,507
60102100602,601021006,Geilston Bay - Risdon,FRANKLIN,359,379
60102100603,601021006,Geilston Bay - Risdon,FRANKLIN,265,279
60102100604,601021006,Geilston Bay - Risdon,FRANKLIN,329,339
60102100605,601021006,Geilston Bay - Risdon,FRANKLIN,431,440
60102100606,601021006,Geilston Bay - Risdon,FRANKLIN,377,439
60102100607,601021006,Geilston Bay - Risdon,FRANKLIN,351,368
60102100609,601021006,Geilston Bay - Risdon,FRANKLIN,44,47
60102100610,601021006,Geilston Bay - Risdon,FRANKLIN,160,173
60102100701,601021007,Howrah - Tranmere,FRANKLIN,179,197
60102100702,601021007,Howrah - Tranmere,FRANKLIN,390,416
60102100703,601021007,Howrah - Tranmere,FRANKLIN,266,286
60102100704,601021007,Howrah - Tranmere,FRANKLIN,318,314
60102100705,601021007,Howrah - Tranmere,FRANKLIN,338,352
60102100706,601021007,Howrah - Tranmere,FRANKLIN,634,660
60102100707,601021007,Howrah - Tranmere,FRANKLIN,368,416
60102100708,601021007,Howrah - Tranmere,FRANKLIN,299,318
60102100709,601021007,Howrah - Tranmere,FRANKLIN,679,741
60102100710,601021007,Howrah - Tranmere,FRANKLIN,443,471
60102100711,601021007,Howrah - Tranmere,FRANKLIN,276,294
60102100713,601021007,Howrah - Tranmere,FRANKLIN,361,378
60102100714,601021007,Howrah - Tranmere,FRANKLIN,290,304
60102100715,601021007,Howrah - Tranmere,FRANKLIN,248,250
60102100716,601021007,Howrah - Tranmere,FRANKLIN,855,891
60102100717,601021007,Howrah - Tranmere,FRANKLIN,539,578
60102100718,601021007,Howrah - Tranmere,FRANKLIN,219,235
60102100719,601021007,Howrah - Tranmere,FRANKLIN,307,334
60102100720,601021007,Howrah - Tranmere,FRANKLIN,300,321
60102100721,601021007,Howrah - Tranmere,FRANKLIN,344,373
60102100722,601021007,Howrah - Tranmere,FRANKLIN,501,563
60102100723,601021007,Howrah - Tranmere,FRANKLIN,708,750
60102100801,601021008,Lindisfarne - Rose Bay,FRANKLIN,409,400
60102100802,601021008,Lindisfarne - Rose Bay,FRANKLIN,441,433
60102100803,601021008,Lindisfarne - Rose Bay,FRANKLIN,168,164
60102100804,601021008,Lindisfarne - Rose Bay,FRANKLIN,356,368
60102100805,601021008,Lindisfarne - Rose Bay,FRANKLIN,657,650
60102100806,601021008,Lindisfarne - Rose Bay,FRANKLIN,443,433
60102100807,601021008,Lindisfarne - Rose Bay,FRANKLIN,415,457
60102100808,601021008,Lindisfarne - Rose Bay,FRANKLIN,364,381
60102100809,601021008,Lindisfarne - Rose Bay,FRANKLIN,302,298
60102100810,601021008,Lindisfarne - Rose Bay,FRANKLIN,377,404
60102100811,601021008,Lindisfarne - Rose Bay,FRANKLIN,336,343
60102100812,601021008,Lindisfarne - Rose Bay,FRANKLIN,293,299
60102100813,601021008,Lindisfarne - Rose Bay,FRANKLIN,407,407
60102100814,601021008,Lindisfarne - Rose Bay,FRANKLIN,23,23
60102100815,601021008,Lindisfarne - Rose Bay,FRANKLIN,244,263
60102100816,601021008,Lindisfarne - Rose Bay,FRANKLIN,212,207
60102100817,601021008,Lindisfarne - Rose Bay,FRANKLIN,197,204
60102100901,601021009,Mornington - Warrane,FRANKLIN,172,183
60102100902,601021009,Mornington - Warrane,FRANKLIN,216,210
60102100903,601021009,Mornington - Warrane,FRANKLIN,420,418
60102100904,601021009,Mornington - Warrane,FRANKLIN,376,378
60102100905,601021009,Mornington - Warrane,FRANKLIN,169,174
60102100906,601021009,Mornington - Warrane,FRANKLIN,382,380
60102100907,601021009,Mornington - Warrane,FRANKLIN,4,4
60102100908,601021009,Mornington - Warrane,FRANKLIN,340,378
60102100909,601021009,Mornington - Warrane,FRANKLIN,228,230
60102100910,601021009,Mornington - Warrane,FRANKLIN,0,0
60102100911,601021009,Mornington - Warrane,FRANKLIN,339,331
60102100912,601021009,Mornington - Warrane,FRANKLIN,194,199
60102100913,601021009,Mornington - Warrane,FRANKLIN,300,315
60102100914,601021009,Mornington - Warrane,FRANKLIN,190,211
60102101001,601021010,Risdon Vale,FRANKLIN,266,262
60102101002,601021010,Risdon Vale,FRANKLIN,145,142
60102101003,601021010,Risdon Vale,FRANKLIN,304,323
60102101004,601021010,Risdon Vale,FRANKLIN,161,163
60102101005,601021010,Risdon Vale,FRANKLIN,186,189
60102101006,601021010,Risdon Vale,FRANKLIN,251,256
60102101007,601021010,Risdon Vale,FRANKLIN,230,244
60102101008,601021010,Risdon Vale,FRANKLIN,431,484
60102101009,601021010,Risdon Vale,FRANKLIN,7,7
60102101010,601021010,Risdon Vale,FRANKLIN,232,224
60102101101,601021011,Rokeby,FRANKLIN,179,166
60102101102,601021011,Rokeby,FRANKLIN,193,200
60102101103,601021011,Rokeby,FRANKLIN,308,380
60102101105,601021011,Rokeby,FRANKLIN,238,264
60102101106,601021011,Rokeby,FRANKLIN,222,254
60102101107,601021011,Rokeby,FRANKLIN,267,293
60102101108,601021011,Rokeby,FRANKLIN,525,618
60102101109,601021011,Rokeby,FRANKLIN,227,211
60102101110,601021011,Rokeby,FRANKLIN,216,223
60102101112,601021011,Rokeby,FRANKLIN,293,319
60102101113,601021011,Rokeby,FRANKLIN,219,203
60102101114,601021011,Rokeby,FRANKLIN,281,305
60102101115,601021011,Rokeby,FRANKLIN,265,280
60102101116,601021011,Rokeby,FRANKLIN,218,203
60102101118,601021011,Rokeby,FRANKLIN,616,699
60102101119,601021011,Rokeby,FRANKLIN,209,228
60102101120,601021011,Rokeby,FRANKLIN,463,508
60102101121,601021011,Rokeby,FRANKLIN,335,503
60102101122,601021011,Rokeby,FRANKLIN,497,610
60102101123,601021011,Rokeby,FRANKLIN,264,283
60102101201,601021012,South Arm,FRANKLIN,220,232
60102101202,601021012,South Arm,FRANKLIN,224,221
60102101203,601021012,South Arm,FRANKLIN,269,284
60102101204,601021012,South Arm,FRANKLIN,351,374
60102101205,601021012,South Arm,FRANKLIN,439,444
60102101206,601021012,South Arm,FRANKLIN,257,260
60102101207,601021012,South Arm,FRANKLIN,182,180
60102101208,601021012,South Arm,FRANKLIN,432,447
60102101209,601021012,South Arm,FRANKLIN,109,115
60102101210,601021012,South Arm,FRANKLIN,470,487
60102101211,601021012,South Arm,FRANKLIN,109,122
60102101212,601021012,South Arm,FRANKLIN,338,361
60102101213,601021012,South Arm,FRANKLIN,321,311
60103101301,601031013,Austins Ferry - Granton,CLARK,291,299
60103101302,601031013,Austins Ferry - Granton,CLARK,257,267
60103101303,601031013,Austins Ferry - Granton,LYONS,597,647
60103101304,601031013,Austins Ferry - Granton,CLARK,298,297
60103101305,601031013,Austins Ferry - Granton,CLARK,0,0
60103101306,601031013,Austins Ferry - Granton,CLARK,181,184
60103101307,601031013,Austins Ferry - Granton,CLARK,0,0
60103101308,601031013,Austins Ferry - Granton,CLARK,246,364
60103101309,601031013,Austins Ferry - Granton,CLARK,179,193
60103101310,601031013,Austins Ferry - Granton,CLARK,252,262
60103101311,601031013,Austins Ferry - Granton,CLARK,594,623
60103101312,601031013,Austins Ferry - Granton,CLARK,345,370
60103101313,601031013,Austins Ferry - Granton,CLARK,220,235
60103101401,601031014,Berriedale - Chigwell,CLARK,200,220
60103101402,601031014,Berriedale - Chigwell,CLARK,281,292
60103101403,601031014,Berriedale - Chigwell,CLARK,219,203
60103101404,601031014,Berriedale - Chigwell,CLARK,270,265
60103101405,601031014,Berriedale - Chigwell,CLARK,287,262
60103101406,601031014,Berriedale - Chigwell,CLARK,287,283
60103101407,601031014,Berriedale - Chigwell,CLARK,249,258
60103101408,601031014,Berriedale - Chigwell,CLARK,221,221
60103101409,601031014,Berriedale - Chigwell,CLARK,429,402
60103101410,601031014,Berriedale - Chigwell,CLARK,338,323
60103101411,601031014,Berriedale - Chigwell,CLARK,278,279
60103101412,601031014,Berriedale - Chigwell,CLARK,188,200
60103101413,601031014,Berriedale - Chigwell,CLARK,206,223
60103101414,601031014,Berriedale - Chigwell,CLARK,302,295
60103101415,601031014,Berriedale - Chigwell,CLARK,209,206
60103101416,601031014,Berriedale - Chigwell,CLARK,2,2
60103101417,601031014,Berriedale - Chigwell,CLARK,160,159
60103101501,601031015,Claremont (Tas.),CLARK,247,242
60103101502,601031015,Claremont (Tas.),CLARK,407,413
60103101503,601031015,Claremont (Tas.),CLARK,83,82
60103101504,601031015,Claremont (Tas.),CLARK,181,174
60103101505,601031015,Claremont (Tas.),CLARK,285,291
60103101506,601031015,Claremont (Tas.),CLARK,182,191
60103101507,601031015,Claremont (Tas.),CLARK,266,252
60103101508,601031015,Claremont (Tas.),CLARK,278,270
60103101509,601031015,Claremont (Tas.),CLARK,260,267
60103101510,601031015,Claremont (Tas.),CLARK,458,449
60103101511,601031015,Claremont (Tas.),CLARK,275,270
60103101512,601031015,Claremont (Tas.),CLARK,431,424
60103101513,601031015,Claremont (Tas.),CLARK,324,354
60103101514,601031015,Claremont (Tas.),CLARK,244,269
60103101515,601031015,Claremont (Tas.),CLARK,284,278
60103101516,601031015,Claremont (Tas.),CLARK,260,277
60103101517,601031015,Claremont (Tas.),CLARK,444,452
60103101518,601031015,Claremont (Tas.),CLARK,394,406
60103101519,601031015,Claremont (Tas.),CLARK,367,403
60103101520,601031015,Claremont (Tas.),CLARK,362,336
60103101601,601031016,Derwent Park - Lutana,CLARK,212,204
60103101602,601031016,Derwent Park - Lutana,CLARK,40,42
60103101603,601031016,Derwent Park - Lutana,CLARK,218,229
60103101604,601031016,Derwent Park - Lutana,CLARK,311,341
60103101605,601031016,Derwent Park - Lutana,CLARK,291,296
60103101606,601031016,Derwent Park - Lutana,CLARK,286,287
60103101607,601031016,Derwent Park - Lutana,CLARK,293,291
60103101608,601031016,Derwent Park - Lutana,CLARK,132,135
60103101609,601031016,Derwent Park - Lutana,CLARK,277,283
60103101610,601031016,Derwent Park - Lutana,CLARK,2,2
60103101611,601031016,Derwent Park - Lutana,CLARK,364,399
60103101612,601031016,Derwent Park - Lutana,CLARK,384,387
60103101701,601031017,Glenorchy,CLARK,304,292
60103101702,601031017,Glenorchy,CLARK,391,421
60103101703,601031017,Glenorchy,CLARK,239,241
60103101704,601031017,Glenorchy,CLARK,253,270
60103101705,601031017,Glenorchy,CLARK,251,244
60103101706,601031017,Glenorchy,CLARK,234,242
60103101707,601031017,Glenorchy,CLARK,173,187
60103101708,601031017,Glenorchy,CLARK,168,163
60103101709,601031017,Glenorchy,CLARK,236,218
60103101710,601031017,Glenorchy,CLARK,223,212
60103101711,601031017,Glenorchy,CLARK,161,150
60103101712,601031017,Glenorchy,CLARK,274,264
60103101713,601031017,Glenorchy,CLARK,268,248
60103101714,601031017,Glenorchy,CLARK,3,3
60103101715,601031017,Glenorchy,CLARK,314,300
60103101716,601031017,Glenorchy,CLARK,576,597
60103101717,601031017,Glenorchy,CLARK,101,102
60103101718,601031017,Glenorchy,CLARK,207,203
60103101719,601031017,Glenorchy,CLARK,210,211
60103101720,601031017,Glenorchy,CLARK,479,495
60103101721,601031017,Glenorchy,CLARK,255,252
60103101722,601031017,Glenorchy,CLARK,272,273
60103101723,601031017,Glenorchy,CLARK,131,139
60103101724,601031017,Glenorchy,CLARK,231,233
60103101725,601031017,Glenorchy,CLARK,296,314
60103101726,601031017,Glenorchy,CLARK,0,0
60103101727,601031017,Glenorchy,CLARK,0,0
60103101728,601031017,Glenorchy,CLARK,262,275
60103101729,601031017,Glenorchy,CLARK,315,319
60103101730,601031017,Glenorchy,CLARK,182,201
60103101731,601031017,Glenorchy,CLARK,191,196
60103101732,601031017,Glenorchy,CLARK,294,271
60103101801,601031018,Montrose - Rosetta,CLARK,149,135
60103101802,601031018,Montrose - Rosetta,CLARK,271,247
60103101803,601031018,Montrose - Rosetta,CLARK,405,420
60103101804,601031018,Montrose - Rosetta,CLARK,0,0
60103101805,601031018,Montrose - Rosetta,CLARK,225,221
60103101806,601031018,Montrose - Rosetta,CLARK,303,288
60103101807,601031018,Montrose - Rosetta,CLARK,365,374
60103101808,601031018,Montrose - Rosetta,CLARK,263,236
60103101809,601031018,Montrose - Rosetta,CLARK,268,257
60103101810,601031018,Montrose - Rosetta,CLARK,323,333
60103101811,601031018,Montrose - Rosetta,CLARK,317,306
60103101812,601031018,Montrose - Rosetta,CLARK,248,247
60103101813,601031018,Montrose - Rosetta,CLARK,170,158
60103101814,601031018,Montrose - Rosetta,CLARK,225,216
60103101901,601031019,Moonah,CLARK,363,356
60103101902,601031019,Moonah,CLARK,307,310
60103101903,601031019,Moonah,CLARK,299,295
60103101904,601031019,Moonah,CLARK,286,271
60103101905,601031019,Moonah,CLARK,316,323
60103101906,601031019,Moonah,CLARK,288,281
60103101907,601031019,Moonah,CLARK,378,395
60103101908,601031019,Moonah,CLARK,435,444
60103101909,601031019,Moonah,CLARK,219,202
60103101910,601031019,Moonah,CLARK,455,426
60103101911,601031019,Moonah,CLARK,201,196
60103102001,601031020,New Norfolk,LYONS,230,261
60103102002,601031020,New Norfolk,LYONS,198,220
60103102003,601031020,New Norfolk,LYONS,209,225
60103102004,601031020,New Norfolk,LYONS,369,439
60103102005,601031020,New Norfolk,LYONS,429,459
60103102006,601031020,New Norfolk,LYONS,362,424
60103102008,601031020,New Norfolk,LYONS,373,391
60103102009,601031020,New Norfolk,LYONS,282,314
60103102010,601031020,New Norfolk,LYONS,274,305
60103102011,601031020,New Norfolk,LYONS,350,348
60103102012,601031020,New Norfolk,LYONS,288,267
60103102013,601031020,New Norfolk,LYONS,96,110
60103102014,601031020,New Norfolk,LYONS,254,291
60103102015,601031020,New Norfolk,LYONS,396,410
60103102016,601031020,New Norfolk,LYONS,457,479
60103102017,601031020,New Norfolk,LYONS,271,293
60103102018,601031020,New Norfolk,LYONS,179,178
60103102019,601031020,New Norfolk,LYONS,213,229
60103102020,601031020,New Norfolk,LYONS,317,327
60103102021,601031020,New Norfolk,LYONS,314,347
60103102101,601031021,West Moonah,CLARK,258,266
60103102102,601031021,West Moonah,CLARK,249,241
60103102104,601031021,West Moonah,CLARK,457,457
60103102105,601031021,West Moonah,CLARK,340,333
60103102106,601031021,West Moonah,CLARK,283,291
60103102107,601031021,West Moonah,CLARK,253,259
60103102108,601031021,West Moonah,CLARK,167,175
60103102109,601031021,West Moonah,CLARK,259,277
60103102110,601031021,West Moonah,CLARK,364,375
60104102201,601041022,Kingston - Huntingfield,FRANKLIN,317,370
60104102202,601041022,Kingston - Huntingfield,FRANKLIN,0,0
60104102203,601041022,Kingston - Huntingfield,FRANKLIN,250,262
60104102205,601041022,Kingston - Huntingfield,FRANKLIN,445,496
60104102206,601041022,Kingston - Huntingfield,CLARK,515,555
60104102207,601041022,Kingston - Huntingfield,FRANKLIN,226,250
60104102209,601041022,Kingston - Huntingfield,CLARK,223,239
60104102210,601041022,Kingston - Huntingfield,CLARK,473,493
60104102211,601041022,Kingston - Huntingfield,FRANKLIN,242,224
60104102212,601041022,Kingston - Huntingfield,FRANKLIN,324,356
60104102213,601041022,Kingston - Huntingfield,FRANKLIN,146,149
60104102214,601041022,Kingston - Huntingfield,FRANKLIN,228,233
60104102215,601041022,Kingston - Huntingfield,FRANKLIN,148,159
60104102216,601041022,Kingston - Huntingfield,FRANKLIN,219,237
60104102218,601041022,Kingston - Huntingfield,FRANKLIN,364,415
60104102219,601041022,Kingston - Huntingfield,CLARK,3,3
60104102220,601041022,Kingston - Huntingfield,FRANKLIN,213,215
60104102221,601041022,Kingston - Huntingfield,FRANKLIN,279,287
60104102222,601041022,Kingston - Huntingfield,CLARK,171,180
60104102223,601041022,Kingston - Huntingfield,CLARK,311,365
60104102224,601041022,Kingston - Huntingfield,FRANKLIN,489,539
60104102225,601041022,Kingston - Huntingfield,FRANKLIN,293,271
60104102226,601041022,Kingston - Huntingfield,FRANKLIN,260,284
60104102228,601041022,Kingston - Huntingfield,FRANKLIN,268,319
60104102231,601041022,Kingston - Huntingfield,FRANKLIN,267,293
60104102232,601041022,Kingston - Huntingfield,FRANKLIN,416,475
60104102233,601041022,Kingston - Huntingfield,FRANKLIN,291,297
60104102234,601041022,Kingston - Huntingfield,FRANKLIN,42,49
60104102235,601041022,Kingston - Huntingfield,FRANKLIN,332,355
60104102236,601041022,Kingston - Huntingfield,FRANKLIN,337,351
60104102237,601041022,Kingston - Huntingfield,FRANKLIN,843,1022
60104102238,601041022,Kingston - Huntingfield,FRANKLIN,341,358
60104102239,601041022,Kingston - Huntingfield,FRANKLIN,215,229
60104102301,601041023,Kingston Beach - Blackmans Bay,FRANKLIN,318,316
60104102302,601041023,Kingston Beach - Blackmans Bay,FRANKLIN,247,261
60104102304,601041023,Kingston Beach - Blackmans Bay,FRANKLIN,271,260
60104102305,601041023,Kingston Beach - Blackmans Bay,FRANKLIN,258,276
60104102306,601041023,Kingston Beach - Blackmans Bay,FRANKLIN,239,229
60104102307,601041023,Kingston Beach - Blackmans Bay,FRANKLIN,260,255
60104102308,601041023,Kingston Beach - Blackmans Bay,FRANKLIN,438,417
60104102309,601041023,Kingston Beach - Blackmans Bay,FRANKLIN,294,316
60104102310,601041023,Kingston Beach - Blackmans Bay,FRANKLIN,257,257
60104102311,601041023,Kingston Beach - Blackmans Bay,FRANKLIN,272,282
60104102312,601041023,Kingston Beach - Blackmans Bay,FRANKLIN,161,159
60104102313,601041023,Kingston Beach - Blackmans Bay,FRANKLIN,367,338
60104102314,601041023,Kingston Beach - Blackmans Bay,FRANKLIN,447,420
60104102315,601041023,Kingston Beach - Blackmans Bay,FRANKLIN,449,451
60104102316,601041023,Kingston Beach - Blackmans Bay,FRANKLIN,536,520
60104102317,601041023,Kingston Beach - Blackmans Bay,FRANKLIN,341,345
60104102318,601041023,Kingston Beach - Blackmans Bay,FRANKLIN,303,305
60104102319,601041023,Kingston Beach - Blackmans Bay,FRANKLIN,390,383
60104102320,601041023,Kingston Beach - Blackmans Bay,FRANKLIN,199,190
60104102321,601041023,Kingston Beach - Blackmans Bay,FRANKLIN,340,347
60104102322,601041023,Kingston Beach - Blackmans Bay,FRANKLIN,352,346
60104102323,601041023,Kingston Beach - Blackmans Bay,FRANKLIN,322,345
60104102324,601041023,Kingston Beach - Blackmans Bay,FRANKLIN,359,352
60104102325,601041023,Kingston Beach - Blackmans Bay,FRANKLIN,186,181
60104102326,601041023,Kingston Beach - Blackmans Bay,FRANKLIN,411,389
60104102327,601041023,Kingston Beach - Blackmans Bay,FRANKLIN,77,75
60104102328,601041023,Kingston Beach - Blackmans Bay,FRANKLIN,181,180
60104102402,601041024,Margate - Snug,FRANKLIN,461,506
60104102403,601041024,Margate - Snug,CLARK,161,149
60104102404,601041024,Margate - Snug,FRANKLIN,309,314
60104102405,601041024,Margate - Snug,FRANKLIN,299,300
60104102406,601041024,Margate - Snug,FRANKLIN,168,178
60104102407,601041024,Margate - Snug,FRANKLIN,427,426
60104102408,601041024,Margate - Snug,FRANKLIN,299,295
60104102409,601041024,Margate - Snug,FRANKLIN,99,93
60104102410,601041024,Margate - Snug,FRANKLIN,120,123
60104102412,601041024,Margate - Snug,FRANKLIN,405,378
60104102413,601041024,Margate - Snug,CLARK,185,200
60104102414,601041024,Margate - Snug,FRANKLIN,408,418
60104102415,601041024,Margate - Snug,FRANKLIN,373,401
60104102416,601041024,Margate - Snug,FRANKLIN,267,278
60104102417,601041024,Margate - Snug,FRANKLIN,249,267
60104102418,601041024,Margate - Snug,FRANKLIN,89,91
60104102420,601041024,Margate - Snug,FRANKLIN,39,39
60104102421,601041024,Margate - Snug,FRANKLIN,349,366
60104102422,601041024,Margate - Snug,FRANKLIN,407,380
60104102423,601041024,Margate - Snug,FRANKLIN,331,315
60104102424,601041024,Margate - Snug,FRANKLIN,418,437
60104102425,601041024,Margate - Snug,FRANKLIN,315,332
60104102501,601041025,Mount Wellington,CLARK,0,0
60104102601,601041026,Taroona - Bonnet Hill,CLARK,399,433
60104102602,601041026,Taroona - Bonnet Hill,CLARK,21,19
60104102603,601041026,Taroona - Bonnet Hill,CLARK,200,206
60104102604,601041026,Taroona - Bonnet Hill,CLARK,362,357
60104102605,601041026,Taroona - Bonnet Hill,CLARK,329,334
60104102606,601041026,Taroona - Bonnet Hill,CLARK,264,260
60104102607,601041026,Taroona - Bonnet Hill,CLARK,260,258
60104102608,601041026,Taroona - Bonnet Hill,CLARK,144,155
60104102609,601041026,Taroona - Bonnet Hill,CLARK,263,277
60104102610,601041026,Taroona - Bonnet Hill,CLARK,192,199
60104102611,601041026,Taroona - Bonnet Hill,CLARK,320,323
60105102701,601051027,Hobart,CLARK,218,208
60105102702,601051027,Hobart,CLARK,213,215
60105102703,601051027,Hobart,CLARK,248,274
60105102704,601051027,Hobart,CLARK,207,220
60105102705,601051027,Hobart,CLARK,213,205
60105102706,601051027,Hobart,CLARK,248,243
60105102707,601051027,Hobart,CLARK,301,295
60105102708,601051027,Hobart,CLARK,333,328
60105102709,601051027,Hobart,CLARK,283,278
60105102710,601051027,Hobart,CLARK,188,186
60105102711,601051027,Hobart,CLARK,196,200
60105102712,601051027,Hobart,CLARK,347,342
60105102713,601051027,Hobart,CLARK,200,202
60105102714,601051027,Hobart,CLARK,326,336
60105102715,601051027,Hobart,CLARK,264,257
60105102716,601051027,Hobart,CLARK,200,211
60105102717,601051027,Hobart,CLARK,361,361
60105102719,601051027,Hobart,CLARK,175,174
60105102720,601051027,Hobart,CLARK,419,413
60105102721,601051027,Hobart,CLARK,13,14
60105102722,601051027,Hobart,CLARK,140,140
60105102723,601051027,Hobart,CLARK,313,309
60105102801,601051028,Lenah Valley - Mount Stuart,CLARK,421,416
60105102802,601051028,Lenah Valley - Mount Stuart,CLARK,384,407
60105102803,601051028,Lenah Valley - Mount Stuart,CLARK,499,475
60105102804,601051028,Lenah Valley - Mount Stuart,CLARK,412,394
60105102805,601051028,Lenah Valley - Mount Stuart,CLARK,85,82
60105102806,601051028,Lenah Valley - Mount Stuart,CLARK,175,179
60105102807,601051028,Lenah Valley - Mount Stuart,CLARK,237,230
60105102808,601051028,Lenah Valley - Mount Stuart,CLARK,362,350
60105102810,601051028,Lenah Valley - Mount Stuart,CLARK,418,389
60105102811,601051028,Lenah Valley - Mount Stuart,CLARK,259,250
60105102812,601051028,Lenah Valley - Mount Stuart,CLARK,386,357
60105102813,601051028,Lenah Valley - Mount Stuart,CLARK,304,317
60105102814,601051028,Lenah Valley - Mount Stuart,CLARK,421,414
60105102815,601051028,Lenah Valley - Mount Stuart,CLARK,370,373
60105102816,601051028,Lenah Valley - Mount Stuart,CLARK,211,216
60105102817,601051028,Lenah Valley - Mount Stuart,CLARK,284,289
60105102818,601051028,Lenah Valley - Mount Stuart,CLARK,333,324
60105102820,601051028,Lenah Valley - Mount Stuart,CLARK,517,510
60105102821,601051028,Lenah Valley - Mount Stuart,CLARK,336,325
60105102901,601051029,Mount Nelson - Dynnyrne,CLARK,320,295
60105102902,601051029,Mount Nelson - Dynnyrne,CLARK,314,326
60105102903,601051029,Mount Nelson - Dynnyrne,CLARK,464,481
60105102904,601051029,Mount Nelson - Dynnyrne,CLARK,386,421
60105102905,601051029,Mount Nelson - Dynnyrne,CLARK,445,466
60105102906,601051029,Mount Nelson - Dynnyrne,CLARK,269,261
60105102907,601051029,Mount Nelson - Dynnyrne,CLARK,463,509
60105102908,601051029,Mount Nelson - Dynnyrne,CLARK,51,53
60105102909,601051029,Mount Nelson - Dynnyrne,CLARK,514,566
60105103001,601051030,New Town,CLARK,280,323
60105103002,601051030,New Town,CLARK,274,284
60105103003,601051030,New Town,CLARK,418,442
60105103004,601051030,New Town,CLARK,420,439
60105103006,601051030,New Town,CLARK,227,238
60105103007,601051030,New Town,CLARK,373,389
60105103008,601051030,New Town,CLARK,177,205
60105103009,601051030,New Town,CLARK,257,271
60105103010,601051030,New Town,CLARK,424,457
60105103011,601051030,New Town,CLARK,271,305
60105103012,601051030,New Town,CLARK,392,403
60105103013,601051030,New Town,CLARK,417,465
60105103014,601051030,New Town,CLARK,0,0
60105103015,601051030,New Town,CLARK,183,192
60105103101,601051031,Sandy Bay,CLARK,395,395
60105103102,601051031,Sandy Bay,CLARK,433,454
60105103103,601051031,Sandy Bay,CLARK,519,528
60105103104,601051031,Sandy Bay,CLARK,231,240
60105103105,601051031,Sandy Bay,CLARK,511,516
60105103106,601051031,Sandy Bay,CLARK,211,217
60105103107,601051031,Sandy Bay,CLARK,340,358
60105103108,601051031,Sandy Bay,CLARK,577,611
60105103109,601051031,Sandy Bay,CLARK,187,204
60105103110,601051031,Sandy Bay,CLARK,305,294
60105103111,601051031,Sandy Bay,CLARK,4,4
60105103112,601051031,Sandy Bay,CLARK,232,238
60105103113,601051031,Sandy Bay,CLARK,266,251
60105103114,601051031,Sandy Bay,CLARK,266,252
60105103115,601051031,Sandy Bay,CLARK,200,195
60105103116,601051031,Sandy Bay,CLARK,275,283
60105103117,601051031,Sandy Bay,CLARK,130,132
60105103118,601051031,Sandy Bay,CLARK,330,323
60105103119,601051031,Sandy Bay,CLARK,307,292
60105103120,601051031,Sandy Bay,CLARK,194,203
60105103121,601051031,Sandy Bay,CLARK,184,197
60105103122,601051031,Sandy Bay,CLARK,260,257
60105103123,601051031,Sandy Bay,CLARK,148,151
60105103124,601051031,Sandy Bay,CLARK,193,204
60105103125,601051031,Sandy Bay,CLARK,365,373
60105103126,601051031,Sandy Bay,CLARK,221,223
60105103127,601051031,Sandy Bay,CLARK,358,360
60105103128,601051031,Sandy Bay,CLARK,238,246
60105103201,601051032,South Hobart - Fern Tree,CLARK,405,416
60105103202,601051032,South Hobart - Fern Tree,CLARK,260,253
60105103203,601051032,South Hobart - Fern Tree,CLARK,225,220
60105103204,601051032,South Hobart - Fern Tree,CLARK,418,420
60105103205,601051032,South Hobart - Fern Tree,CLARK,397,393
60105103206,601051032,South Hobart - Fern Tree,CLARK,192,216
60105103207,601051032,South Hobart - Fern Tree,CLARK,292,300
60105103208,601051032,South Hobart - Fern Tree,CLARK,328,333
60105103209,601051032,South Hobart - Fern Tree,CLARK,2,2
60105103210,601051032,South Hobart - Fern Tree,CLARK,256,270
60105103211,601051032,South Hobart - Fern Tree,CLARK,319,335
60105103212,601051032,South Hobart - Fern Tree,CLARK,215,242
60105103213,601051032,South Hobart - Fern Tree,CLARK,153,156
60105103214,601051032,South Hobart - Fern Tree,CLARK,160,181
60105103215,601051032,South Hobart - Fern Tree,CLARK,281,313
60105103216,601051032,South Hobart - Fern Tree,CLARK,321,372
60105103217,601051032,South Hobart - Fern Tree,CLARK,223,236
60105103218,601051032,South Hobart - Fern Tree,CLARK,307,333
60105103301,601051033,West Hobart,CLARK,224,229
60105103302,601051033,West Hobart,CLARK,234,248
60105103303,601051033,West Hobart,CLARK,235,235
60105103304,601051033,West Hobart,CLARK,413,421
60105103305,601051033,West Hobart,CLARK,338,320
60105103306,601051033,West Hobart,CLARK,381,397
60105103307,601051033,West Hobart,CLARK,348,361
60105103308,601051033,West Hobart,CLARK,245,259
60105103309,601051033,West Hobart,CLARK,319,330
60105103310,601051033,West Hobart,CLARK,194,191
60105103311,601051033,West Hobart,CLARK,236,227
60105103312,601051033,West Hobart,CLARK,365,340
60105103313,601051033,West Hobart,CLARK,153,150
60105103314,601051033,West Hobart,CLARK,212,222
60105103315,601051033,West Hobart,CLARK,206,204
60105103316,601051033,West Hobart,CLARK,7,7
60105103317,601051033,West Hobart,CLARK,287,272
60105103318,601051033,West Hobart,CLARK,224,220
60106103401,601061034,Dodges Ferry - Lewisham,LYONS,511,524
60106103402,601061034,Dodges Ferry - Lewisham,LYONS,364,403
60106103403,601061034,Dodges Ferry - Lewisham,LYONS,323,325
60106103404,601061034,Dodges Ferry - Lewisham,LYONS,349,340
60106103405,601061034,Dodges Ferry - Lewisham,LYONS,294,322
60106103406,601061034,Dodges Ferry - Lewisham,LYONS,406,415
60106103407,601061034,Dodges Ferry - Lewisham,LYONS,383,423
60106103408,601061034,Dodges Ferry - Lewisham,LYONS,398,419
60106103409,601061034,Dodges Ferry - Lewisham,LYONS,305,327
60106103410,601061034,Dodges Ferry - Lewisham,LYONS,280,312
60106103411,601061034,Dodges Ferry - Lewisham,LYONS,390,402
60106103412,601061034,Dodges Ferry - Lewisham,LYONS,203,209
60106103413,601061034,Dodges Ferry - Lewisham,LYONS,514,545
60106103414,601061034,Dodges Ferry - Lewisham,LYONS,247,261
60106103415,601061034,Dodges Ferry - Lewisham,LYONS,321,353
60106103416,601061034,Dodges Ferry - Lewisham,LYONS,148,148
60106103417,601061034,Dodges Ferry - Lewisham,LYONS,249,265
60106103418,601061034,Dodges Ferry - Lewisham,LYONS,393,407
60106103419,601061034,Dodges Ferry - Lewisham,LYONS,335,355
60106103420,601061034,Dodges Ferry - Lewisham,LYONS,272,301
60106103421,601061034,Dodges Ferry - Lewisham,LYONS,349,373
60106103501,601061035,Sorell - Richmond,LYONS,321,352
60106103502,601061035,Sorell - Richmond,LYONS,327,349
60106103503,601061035,Sorell - Richmond,LYONS,369,390
60106103504,601061035,Sorell - Richmond,LYONS,444,486
60106103505,601061035,Sorell - Richmond,LYONS,442,472
60106103506,601061035,Sorell - Richmond,LYONS,202,209
60106103507,601061035,Sorell - Richmond,LYONS,757,868
60106103508,601061035,Sorell - Richmond,LYONS,374,420
60106103509,601061035,Sorell - Richmond,LYONS,352,364
60106103510,601061035,Sorell - Richmond,LYONS,397,473
60106103511,601061035,Sorell - Richmond,LYONS,294,321
60106103512,601061035,Sorell - Richmond,LYONS,260,277
60106103513,601061035,Sorell - Richmond,LYONS,261,282
60106103514,601061035,Sorell - Richmond,LYONS,192,213
60106103515,601061035,Sorell - Richmond,LYONS,322,337
60106103516,601061035,Sorell - Richmond,LYONS,337,343
60106103517,601061035,Sorell - Richmond,LYONS,218,243
60106103518,601061035,Sorell - Richmond,LYONS,305,324
60106103519,601061035,Sorell - Richmond,LYONS,226,239
60106103520,601061035,Sorell - Richmond,LYONS,859,977
60106103521,601061035,Sorell - Richmond,LYONS,452,469
60106103522,601061035,Sorell - Richmond,LYONS,336,365
60201103601,602011036,Invermay,BASS,335,378
60201103602,602011036,Invermay,BASS,6,6
60201103603,602011036,Invermay,BASS,418,437
60201103604,602011036,Invermay,BASS,331,334
60201103605,602011036,Invermay,BASS,166,165
60201103606,602011036,Invermay,BASS,230,248
60201103607,602011036,Invermay,BASS,34,36
60201103608,602011036,Invermay,BASS,25,23
60201103609,602011036,Invermay,BASS,204,214
60201103610,602011036,Invermay,BASS,260,271
60201103611,602011036,Invermay,BASS,0,0
60201103612,602011036,Invermay,BASS,188,194
60201103701,602011037,Kings Meadows - Punchbowl,BASS,429,439
60201103702,602011037,Kings Meadows - Punchbowl,BASS,428,443
60201103703,602011037,Kings Meadows - Punchbowl,BASS,279,257
60201103704,602011037,Kings Meadows - Punchbowl,BASS,0,0
60201103705,602011037,Kings Meadows - Punchbowl,BASS,160,158
60201103706,602011037,Kings Meadows - Punchbowl,BASS,366,363
60201103707,602011037,Kings Meadows - Punchbowl,BASS,0,0
60201103708,602011037,Kings Meadows - Punchbowl,BASS,454,515
60201103710,602011037,Kings Meadows - Punchbowl,BASS,182,188
60201103711,602011037,Kings Meadows - Punchbowl,BASS,346,362
60201103712,602011037,Kings Meadows - Punchbowl,BASS,370,423
60201103713,602011037,Kings Meadows - Punchbowl,BASS,458,470
60201103801,602011038,Launceston,BASS,155,159
60201103802,602011038,Launceston,BASS,443,424
60201103803,602011038,Launceston,BASS,241,233
60201103804,602011038,Launceston,BASS,205,196
60201103805,602011038,Launceston,BASS,188,189
60201103806,602011038,Launceston,BASS,401,393
60201103807,602011038,Launceston,BASS,290,269
60201103808,602011038,Launceston,BASS,231,223
60201103809,602011038,Launceston,BASS,147,148
60201103810,602011038,Launceston,BASS,183,181
60201103811,602011038,Launceston,BASS,136,125
60201103812,602011038,Launceston,BASS,188,196
60201103813,602011038,Launceston,BASS,5,5
60201103814,602011038,Launceston,BASS,327,290
60201103815,602011038,Launceston,BASS,227,204
60201103816,602011038,Launceston,BASS,250,239
60201103902,602011039,Legana,BASS,350,379
60201103903,602011039,Legana,BASS,403,411
60201103904,602011039,Legana,BASS,616,607
60201103906,602011039,Legana,BASS,379,348
60201103907,602011039,Legana,BASS,126,133
60201103908,602011039,Legana,BASS,120,127
60201103909,602011039,Legana,BASS,405,420
60201103911,602011039,Legana,BASS,338,351
60201103912,602011039,Legana,BASS,155,171
60201103913,602011039,Legana,BASS,475,522
60201103914,602011039,Legana,BASS,420,435
60201104001,602011040,Mowbray,BASS,276,274
60201104002,602011040,Mowbray,BASS,131,123
60201104003,602011040,Mowbray,BASS,342,344
60201104004,602011040,Mowbray,BASS,90,90
60201104005,602011040,Mowbray,BASS,365,345
60201104006,602011040,Mowbray,BASS,246,238
60201104007,602011040,Mowbray,BASS,0,0
60201104008,602011040,Mowbray,BASS,18,17
60201104009,602011040,Mowbray,BASS,388,387
60201104010,602011040,Mowbray,BASS,245,236
60201104011,602011040,Mowbray,BASS,242,239
60201104101,602011041,Newnham - Mayfield,BASS,545,532
60201104102,602011041,Newnham - Mayfield,BASS,376,359
60201104103,602011041,Newnham - Mayfield,BASS,215,193
60201104104,602011041,Newnham - Mayfield,BASS,246,242
60201104105,602011041,Newnham - Mayfield,BASS,453,467
60201104106,602011041,Newnham - Mayfield,BASS,330,321
60201104107,602011041,Newnham - Mayfield,BASS,200,186
60201104108,602011041,Newnham - Mayfield,BASS,223,227
60201104109,602011041,Newnham - Mayfield,BASS,431,423
60201104110,602011041,Newnham - Mayfield,BASS,270,251
60201104111,602011041,Newnham - Mayfield,BASS,226,213
60201104112,602011041,Newnham - Mayfield,BASS,410,379
60201104113,602011041,Newnham - Mayfield,BASS,195,192
60201104114,602011041,Newnham - Mayfield,BASS,159,155
60201104116,602011041,Newnham - Mayfield,BASS,134,129
60201104117,602011041,Newnham - Mayfield,BASS,190,211
60201104118,602011041,Newnham - Mayfield,BASS,268,244
60201104119,602011041,Newnham - Mayfield,BASS,267,276
60201104120,602011041,Newnham - Mayfield,BASS,12,12
60201104121,602011041,Newnham - Mayfield,BASS,320,304
60201104122,602011041,Newnham - Mayfield,BASS,11,11
60201104123,602011041,Newnham - Mayfield,BASS,1,1
60201104124,602011041,Newnham - Mayfield,BASS,483,478
60201104125,602011041,Newnham - Mayfield,BASS,207,195
60201104201,602011042,Newstead,BASS,605,657
60201104202,602011042,Newstead,BASS,0,0
60201104203,602011042,Newstead,BASS,0,0
60201104204,602011042,Newstead,BASS,448,479
60201104205,602011042,Newstead,BASS,254,264
60201104206,602011042,Newstead,BASS,278,288
60201104207,602011042,Newstead,BASS,307,290
60201104208,602011042,Newstead,BASS,385,406
60201104209,602011042,Newstead,BASS,238,252
60201104210,602011042,Newstead,BASS,168,160
60201104211,602011042,Newstead,BASS,433,396
60201104212,602011042,Newstead,BASS,379,396
60201104213,602011042,Newstead,BASS,368,364
60201104301,602011043,Norwood (Tas.),BASS,424,401
60201104302,602011043,Norwood (Tas.),BASS,401,369
60201104303,602011043,Norwood (Tas.),BASS,242,248
60201104304,602011043,Norwood (Tas.),BASS,264,237
60201104305,602011043,Norwood (Tas.),BASS,466,455
60201104306,602011043,Norwood (Tas.),BASS,412,408
60201104307,602011043,Norwood (Tas.),BASS,422,431
60201104308,602011043,Norwood (Tas.),BASS,208,207
60201104309,602011043,Norwood (Tas.),BASS,157,160
60201104401,602011044,Prospect Vale - Blackstone,LYONS,304,307
60201104402,602011044,Prospect Vale - Blackstone,LYONS,308,317
60201104403,602011044,Prospect Vale - Blackstone,LYONS,209,214
60201104404,602011044,Prospect Vale - Blackstone,LYONS,314,313
60201104405,602011044,Prospect Vale - Blackstone,LYONS,169,175
60201104406,602011044,Prospect Vale - Blackstone,LYONS,288,287
60201104407,602011044,Prospect Vale - Blackstone,LYONS,321,293
60201104408,602011044,Prospect Vale - Blackstone,LYONS,302,324
60201104409,602011044,Prospect Vale - Blackstone,LYONS,328,327
60201104410,602011044,Prospect Vale - Blackstone,LYONS,443,461
60201104411,602011044,Prospect Vale - Blackstone,LYONS,324,295
60201104412,602011044,Prospect Vale - Blackstone,LYONS,724,706
60201104413,602011044,Prospect Vale - Blackstone,LYONS,2,2
60201104414,602011044,Prospect Vale - Blackstone,LYONS,192,189
60201104415,602011044,Prospect Vale - Blackstone,LYONS,349,330
60201104416,602011044,Prospect Vale - Blackstone,LYONS,253,271
60201104417,602011044,Prospect Vale - Blackstone,LYONS,290,297
60201104418,602011044,Prospect Vale - Blackstone,LYONS,251,254
60201104501,602011045,Ravenswood,BASS,185,198
60201104502,602011045,Ravenswood,BASS,6,6
60201104503,602011045,Ravenswood,BASS,380,410
60201104504,602011045,Ravenswood,BASS,329,372
60201104505,602011045,Ravenswood,BASS,312,340
60201104506,602011045,Ravenswood,BASS,325,315
60201104507,602011045,Ravenswood,BASS,234,240
60201104508,602011045,Ravenswood,BASS,217,226
60201104509,602011045,Ravenswood,BASS,164,174
60201104510,602011045,Ravenswood,BASS,312,331
60201104511,602011045,Ravenswood,BASS,42,44
60201104512,602011045,Ravenswood,BASS,260,271
60201104601,602011046,Riverside,BASS,204,225
60201104602,602011046,Riverside,BASS,290,280
60201104603,602011046,Riverside,BASS,554,598
60201104604,602011046,Riverside,BASS,343,339
60201104605,602011046,Riverside,BASS,204,209
60201104606,602011046,Riverside,BASS,522,544
60201104607,602011046,Riverside,BASS,263,253
60201104608,602011046,Riverside,BASS,375,367
60201104609,602011046,Riverside,BASS,130,140
60201104610,602011046,Riverside,BASS,414,435
60201104611,602011046,Riverside,BASS,305,314
60201104612,602011046,Riverside,BASS,299,277
60201104613,602011046,Riverside,BASS,0,0
60201104614,602011046,Riverside,BASS,411,421
60201104615,602011046,Riverside,BASS,450,452
60201104616,602011046,Riverside,BASS,251,254
60201104617,602011046,Riverside,BASS,367,356
60201104701,602011047,South Launceston,BASS,301,290
60201104702,602011047,South Launceston,BASS,258,254
60201104703,602011047,South Launceston,BASS,201,219
60201104704,602011047,South Launceston,BASS,229,248
60201104705,602011047,South Launceston,BASS,191,201
60201104706,602011047,South Launceston,BASS,369,390
60201104707,602011047,South Launceston,BASS,333,332
60201104708,602011047,South Launceston,BASS,312,334
60201104709,602011047,South Launceston,BASS,268,273
60201104710,602011047,South Launceston,BASS,233,237
60201104711,602011047,South Launceston,BASS,134,146
60201104712,602011047,South Launceston,BASS,299,303
60201104801,602011048,Summerhill - Prospect,BASS,357,361
60201104802,602011048,Summerhill - Prospect,BASS,252,260
60201104803,602011048,Summerhill - Prospect,BASS,291,294
60201104804,602011048,Summerhill - Prospect,BASS,1,1
60201104805,602011048,Summerhill - Prospect,BASS,322,309
60201104806,602011048,Summerhill - Prospect,BASS,303,292
60201104807,602011048,Summerhill - Prospect,BASS,366,340
60201104808,602011048,Summerhill - Prospect,BASS,292,282
60201104809,602011048,Summerhill - Prospect,BASS,477,450
60201104810,602011048,Summerhill - Prospect,BASS,218,217
60201104812,602011048,Summerhill - Prospect,BASS,178,168
60201104813,602011048,Summerhill - Prospect,BASS,281,255
60201104814,602011048,Summerhill - Prospect,BASS,279,292
60201104815,602011048,Summerhill - Prospect,BASS,10,10
60201104901,602011049,Trevallyn,BASS,512,507
60201104902,602011049,Trevallyn,BASS,198,195
60201104903,602011049,Trevallyn,BASS,275,260
60201104904,602011049,Trevallyn,BASS,353,363
60201104905,602011049,Trevallyn,BASS,236,243
60201104906,602011049,Trevallyn,BASS,370,348
60201104907,602011049,Trevallyn,BASS,418,403
60201104908,602011049,Trevallyn,BASS,554,549
60201104909,602011049,Trevallyn,BASS,314,332
60201104910,602011049,Trevallyn,BASS,336,320
60201104911,602011049,Trevallyn,BASS,0,0
60201105001,602011050,Waverley - St Leonards,BASS,360,363
60201105002,602011050,Waverley - St Leonards,BASS,158,168
60201105003,602011050,Waverley - St Leonards,BASS,202,197
60201105004,602011050,Waverley - St Leonards,BASS,357,374
60201105005,602011050,Waverley - St Leonards,BASS,368,443
60201105006,602011050,Waverley - St Leonards,BASS,314,336
60201105007,602011050,Waverley - St Leonards,BASS,316,319
60201105008,602011050,Waverley - St Leonards,BASS,319,339
60201105009,602011050,Waverley - St Leonards,BASS,511,519
60201105101,602011051,West Launceston,BASS,11,11
60201105102,602011051,West Launceston,BASS,204,191
60201105103,602011051,West Launceston,BASS,211,203
60201105104,602011051,West Launceston,BASS,211,201
60201105105,602011051,West Launceston,BASS,195,187
60201105106,602011051,West Launceston,BASS,259,253
60201105107,602011051,West Launceston,BASS,330,319
60201105108,602011051,West Launceston,BASS,187,189
60201105109,602011051,West Launceston,BASS,280,265
60201105110,602011051,West Launceston,BASS,343,338
60201105111,602011051,West Launceston,BASS,198,192
60201105112,602011051,West Launceston,BASS,272,259
60201105113,602011051,West Launceston,BASS,247,235
60201105114,602011051,West Launceston,BASS,180,171
60201105201,602011052,Youngtown - Relbia,BASS,329,304
60201105202,602011052,Youngtown - Relbia,BASS,287,297
60201105203,602011052,Youngtown - Relbia,BASS,266,283
60201105204,602011052,Youngtown - Relbia,BASS,266,258
60201105205,602011052,Youngtown - Relbia,BASS,270,255
60201105206,602011052,Youngtown - Relbia,BASS,307,320
60201105207,602011052,Youngtown - Relbia,BASS,266,269
60201105208,602011052,Youngtown - Relbia,BASS,276,250
60201105209,602011052,Youngtown - Relbia,BASS,474,496
60201105210,602011052,Youngtown - Relbia,BASS,442,439
60201105211,602011052,Youngtown - Relbia,BASS,814,838
60202105301,602021053,Beauty Point - Beaconsfield,BASS,247,257
60202105302,602021053,Beauty Point - Beaconsfield,BASS,407,388
60202105303,602021053,Beauty Point - Beaconsfield,BASS,453,439
60202105304,602021053,Beauty Point - Beaconsfield,BASS,205,213
60202105305,602021053,Beauty Point - Beaconsfield,BASS,187,194
60202105306,602021053,Beauty Point - Beaconsfield,BASS,241,238
60202105307,602021053,Beauty Point - Beaconsfield,BASS,195,204
60202105308,602021053,Beauty Point - Beaconsfield,BASS,212,218
60202105309,602021053,Beauty Point - Beaconsfield,BASS,160,162
60202105310,602021053,Beauty Point - Beaconsfield,BASS,200,203
60202105311,602021053,Beauty Point - Beaconsfield,BASS,1,1
60202105312,602021053,Beauty Point - Beaconsfield,BASS,377,379
60202105313,602021053,Beauty Point - Beaconsfield,BASS,358,366
60202105314,602021053,Beauty Point - Beaconsfield,BASS,128,132
60202105401,602021054,Deloraine,LYONS,151,149
60202105402,602021054,Deloraine,LYONS,173,164
60202105403,602021054,Deloraine,LYONS,314,326
60202105404,602021054,Deloraine,LYONS,147,139
60202105405,602021054,Deloraine,LYONS,292,288
60202105406,602021054,Deloraine,LYONS,199,192
60202105407,602021054,Deloraine,LYONS,0,0
60202105408,602021054,Deloraine,LYONS,426,417
60202105409,602021054,Deloraine,LYONS,157,157
60202105410,602021054,Deloraine,LYONS,293,296
60202105411,602021054,Deloraine,LYONS,378,364
60202105412,602021054,Deloraine,LYONS,344,350
60202105413,602021054,Deloraine,LYONS,301,301
60202105414,602021054,Deloraine,LYONS,1,1
60202105415,602021054,Deloraine,LYONS,279,264
60202105416,602021054,Deloraine,LYONS,232,236
60202105417,602021054,Deloraine,LYONS,198,196
60202105418,602021054,Deloraine,LYONS,311,315
60202105419,602021054,Deloraine,LYONS,173,166
60202105420,602021054,Deloraine,LYONS,349,374
60202105501,602021055,Grindelwald - Lanena,BASS,474,469
60202105502,602021055,Grindelwald - Lanena,BASS,378,388
60202105503,602021055,Grindelwald - Lanena,BASS,243,255
60202105504,602021055,Grindelwald - Lanena,BASS,290,310
60202105505,602021055,Grindelwald - Lanena,BASS,392,380
60202105506,602021055,Grindelwald - Lanena,BASS,318,320
60202105507,602021055,Grindelwald - Lanena,BASS,506,510
60202105508,602021055,Grindelwald - Lanena,BASS,291,286
60202105509,602021055,Grindelwald - Lanena,BASS,347,336
60202105510,602021055,Grindelwald - Lanena,BASS,134,130
60202105511,602021055,Grindelwald - Lanena,BASS,351,343
60202105512,602021055,Grindelwald - Lanena,BASS,410,444
60202105513,602021055,Grindelwald - Lanena,BASS,322,341
60202105514,602021055,Grindelwald - Lanena,BASS,242,257
60202105515,602021055,Grindelwald - Lanena,BASS,161,174
60202105601,602021056,Hadspen - Carrick,LYONS,267,251
60202105602,602021056,Hadspen - Carrick,LYONS,313,321
60202105603,602021056,Hadspen - Carrick,LYONS,254,263
60202105604,602021056,Hadspen - Carrick,LYONS,236,233
60202105605,602021056,Hadspen - Carrick,LYONS,204,201
60202105606,602021056,Hadspen - Carrick,LYONS,356,377
60202105607,602021056,Hadspen - Carrick,LYONS,435,452
60202105608,602021056,Hadspen - Carrick,LYONS,492,523
60202105609,602021056,Hadspen - Carrick,LYONS,324,325
60202105701,602021057,Westbury,LYONS,371,358
60202105702,602021057,Westbury,LYONS,285,287
60202105703,602021057,Westbury,LYONS,379,367
60202105704,602021057,Westbury,LYONS,335,332
60202105705,602021057,Westbury,LYONS,221,229
60202105706,602021057,Westbury,LYONS,183,183
60202105707,602021057,Westbury,LYONS,257,286
60202105708,602021057,Westbury,LYONS,407,400
60202105709,602021057,Westbury,LYONS,361,398
60202105710,602021057,Westbury,LYONS,308,312
60202105711,602021057,Westbury,LYONS,233,239
60202105712,602021057,Westbury,LYONS,268,274
60203105801,602031058,Dilston - Lilydale,BASS,221,223
60203105802,602031058,Dilston - Lilydale,BASS,458,464
60203105803,602031058,Dilston - Lilydale,BASS,155,161
60203105804,602031058,Dilston - Lilydale,BASS,295,283
60203105805,602031058,Dilston - Lilydale,BASS,324,332
60203105806,602031058,Dilston - Lilydale,BASS,324,308
60203105807,602031058,Dilston - Lilydale,BASS,227,229
60203105808,602031058,Dilston - Lilydale,BASS,332,332
60203105809,602031058,Dilston - Lilydale,BASS,418,409
60203105810,602031058,Dilston - Lilydale,BASS,253,247
60203105811,602031058,Dilston - Lilydale,BASS,220,218
60203105812,602031058,Dilston - Lilydale,BASS,247,276
60203105901,602031059,George Town,BASS,203,205
60203105902,602031059,George Town,BASS,329,385
60203105903,602031059,George Town,BASS,403,404
60203105904,602031059,George Town,BASS,282,297
60203105905,602031059,George Town,BASS,238,223
60203105906,602031059,George Town,BASS,198,193
60203105907,602031059,George Town,BASS,263,261
60203105908,602031059,George Town,BASS,273,288
60203105909,602031059,George Town,BASS,365,353
60203105910,602031059,George Town,BASS,243,251
60203105911,602031059,George Town,BASS,397,374
60203105912,602031059,George Town,BASS,344,332
60203105913,602031059,George Town,BASS,312,291
60203105915,602031059,George Town,BASS,414,432
60203105916,602031059,George Town,BASS,148,144
60203105917,602031059,George Town,BASS,168,153
60203105918,602031059,George Town,BASS,200,207
60203105919,602031059,George Town,BASS,223,217
60203105920,602031059,George Town,BASS,262,291
60203105921,602031059,George Town,BASS,153,145
60203105922,602031059,George Town,BASS,309,328
60203105923,602031059,George Town,BASS,78,85
60203106001,602031060,Longford,LYONS,386,394
60203106002,602031060,Longford,LYONS,207,199
60203106003,602031060,Longford,LYONS,374,362
60203106004,602031060,Longford,LYONS,308,331
60203106005,602031060,Longford,LYONS,604,596
60203106006,602031060,Longford,LYONS,280,282
60203106007,602031060,Longford,LYONS,687,721
60203106008,602031060,Longford,LYONS,377,393
60203106009,602031060,Longford,LYONS,160,146
60203106010,602031060,Longford,LYONS,181,188
60203106101,602031061,Northern Midlands,LYONS,263,269
60203106102,602031061,Northern Midlands,LYONS,411,409
60203106103,602031061,Northern Midlands,LYONS,267,268
60203106104,602031061,Northern Midlands,LYONS,178,171
60203106105,602031061,Northern Midlands,LYONS,308,311
60203106106,602031061,Northern Midlands,LYONS,325,318
60203106107,602031061,Northern Midlands,LYONS,110,115
60203106108,602031061,Northern Midlands,LYONS,497,494
60203106109,602031061,Northern Midlands,LYONS,263,252
60203106110,602031061,Northern Midlands,LYONS,235,246
60203106111,602031061,Northern Midlands,LYONS,59,53
60203106201,602031062,Perth - Evandale,LYONS,222,234
60203106202,602031062,Perth - Evandale,LYONS,332,341
60203106203,602031062,Perth - Evandale,LYONS,231,224
60203106205,602031062,Perth - Evandale,LYONS,431,453
60203106206,602031062,Perth - Evandale,LYONS,494,489
60203106207,602031062,Perth - Evandale,LYONS,269,283
60203106208,602031062,Perth - Evandale,LYONS,216,203
60203106209,602031062,Perth - Evandale,LYONS,230,232
60203106210,602031062,Perth - Evandale,LYONS,128,121
60203106211,602031062,Perth - Evandale,LYONS,499,509
60203106212,602031062,Perth - Evandale,LYONS,214,224
60203106213,602031062,Perth - Evandale,LYONS,486,499
60203106214,602031062,Perth - Evandale,LYONS,305,298
60203106215,602031062,Perth - Evandale,LYONS,170,175
60203106216,602031062,Perth - Evandale,LYONS,217,238
60203106401,602031064,St Helens - Scamander,LYONS,334,307
60203106402,602031064,St Helens - Scamander,LYONS,286,284
60203106403,602031064,St Helens - Scamander,LYONS,185,188
60203106404,602031064,St Helens - Scamander,LYONS,229,226
60203106405,602031064,St Helens - Scamander,LYONS,174,175
60203106406,602031064,St Helens - Scamander,LYONS,3,3
60203106407,602031064,St Helens - Scamander,LYONS,306,282
60203106408,602031064,St Helens - Scamander,LYONS,331,335
60203106409,602031064,St Helens - Scamander,LYONS,327,340
60203106410,602031064,St Helens - Scamander,LYONS,225,225
60203106411,602031064,St Helens - Scamander,LYONS,341,358
60203106412,602031064,St Helens - Scamander,LYONS,126,129
60203106413,602031064,St Helens - Scamander,LYONS,224,224
60203106414,602031064,St Helens - Scamander,LYONS,381,393
60203106415,602031064,St Helens - Scamander,LYONS,431,406
60203106416,602031064,St Helens - Scamander,LYONS,267,266
60203106417,602031064,St Helens - Scamander,LYONS,236,238
60203106418,602031064,St Helens - Scamander,BASS,0,0
60203106419,602031064,St Helens - Scamander,LYONS,276,293
60203106420,602031064,St Helens - Scamander,LYONS,284,287
60203106421,602031064,St Helens - Scamander,LYONS,426,401
60203106422,602031064,St Helens - Scamander,LYONS,240,266
60203109901,602031099,Flinders and Cape Barren Islands,BASS,0,0
60203109902,602031099,Flinders and Cape Barren Islands,BASS,463,446
60203109903,602031099,Flinders and Cape Barren Islands,BASS,247,243
60203109904,602031099,Flinders and Cape Barren Islands,BASS,49,47
60203110001,602031100,Scottsdale - Bridport,BASS,283,286
60203110002,602031100,Scottsdale - Bridport,BASS,226,222
60203110003,602031100,Scottsdale - Bridport,BASS,190,195
60203110004,602031100,Scottsdale - Bridport,BASS,147,143
60203110005,602031100,Scottsdale - Bridport,BASS,403,415
60203110006,602031100,Scottsdale - Bridport,BASS,264,266
60203110007,602031100,Scottsdale - Bridport,BASS,367,344
60203110008,602031100,Scottsdale - Bridport,BASS,87,84
60203110009,602031100,Scottsdale - Bridport,BASS,193,190
60203110010,602031100,Scottsdale - Bridport,BASS,145,142
60203110011,602031100,Scottsdale - Bridport,BASS,347,342
60203110012,602031100,Scottsdale - Bridport,BASS,423,391
60203110013,602031100,Scottsdale - Bridport,BASS,276,274
60203110014,602031100,Scottsdale - Bridport,BASS,393,364
60203110015,602031100,Scottsdale - Bridport,BASS,186,182
60203110016,602031100,Scottsdale - Bridport,BASS,128,128
60203110017,602031100,Scottsdale - Bridport,BASS,326,297
60203110018,602031100,Scottsdale - Bridport,BASS,223,206
60203110019,602031100,Scottsdale - Bridport,BASS,258,265
60203110020,602031100,Scottsdale - Bridport,BASS,138,121
60203110021,602031100,Scottsdale - Bridport,BASS,138,124
60203110022,602031100,Scottsdale - Bridport,BASS,206,210
60301106501,603011065,Central Highlands,LYONS,318,325
60301106502,603011065,Central Highlands,LYONS,294,298
60301106503,603011065,Central Highlands,LYONS,404,425
60301106504,603011065,Central Highlands,LYONS,0,0
60301106505,603011065,Central Highlands,LYONS,234,250
60301106506,603011065,Central Highlands,LYONS,259,266
60301106507,603011065,Central Highlands,LYONS,317,315
60301106601,603011066,Derwent Valley,LYONS,251,252
60301106602,603011066,Derwent Valley,LYONS,315,300
60301106603,603011066,Derwent Valley,LYONS,131,136
60301106604,603011066,Derwent Valley,LYONS,121,118
60301106605,603011066,Derwent Valley,LYONS,119,117
60301106606,603011066,Derwent Valley,LYONS,234,237
60301106607,603011066,Derwent Valley,LYONS,162,157
60301106608,603011066,Derwent Valley,LYONS,236,235
60301106609,603011066,Derwent Valley,LYONS,199,201
60301106610,603011066,Derwent Valley,LYONS,327,342
60301106611,603011066,Derwent Valley,LYONS,324,324
60301106612,603011066,Derwent Valley,FRANKLIN,3,3
60301106701,603011067,Southern Midlands,LYONS,333,323
60301106702,603011067,Southern Midlands,LYONS,261,270
60301106704,603011067,Southern Midlands,LYONS,330,317
60301106705,603011067,Southern Midlands,LYONS,250,263
60301106706,603011067,Southern Midlands,LYONS,291,275
60301106707,603011067,Southern Midlands,LYONS,263,270
60301106708,603011067,Southern Midlands,LYONS,174,169
60301106710,603011067,Southern Midlands,LYONS,202,184
60301106711,603011067,Southern Midlands,LYONS,270,271
60301106712,603011067,Southern Midlands,LYONS,398,405
60301106713,603011067,Southern Midlands,LYONS,326,330
60301106714,603011067,Southern Midlands,LYONS,278,295
60301106715,603011067,Southern Midlands,LYONS,190,191
60301106716,603011067,Southern Midlands,LYONS,356,384
60301106717,603011067,Southern Midlands,LYONS,403,436
60301106719,603011067,Southern Midlands,LYONS,395,412
60301106720,603011067,Southern Midlands,LYONS,422,430
60301106801,603011068,Wilderness - East,LYONS,2,2
60302106901,603021069,Bruny Island - Kettering,FRANKLIN,208,212
60302106902,603021069,Bruny Island - Kettering,FRANKLIN,340,343
60302106903,603021069,Bruny Island - Kettering,FRANKLIN,411,407
60302106904,603021069,Bruny Island - Kettering,FRANKLIN,442,455
60302106905,603021069,Bruny Island - Kettering,FRANKLIN,185,175
60302106906,603021069,Bruny Island - Kettering,FRANKLIN,585,590
60302106907,603021069,Bruny Island - Kettering,FRANKLIN,181,167
60302106908,603021069,Bruny Island - Kettering,FRANKLIN,225,218
60302106909,603021069,Bruny Island - Kettering,FRANKLIN,282,287
60302107001,603021070,Cygnet,FRANKLIN,219,222
60302107002,603021070,Cygnet,FRANKLIN,349,371
60302107003,603021070,Cygnet,FRANKLIN,266,272
60302107004,603021070,Cygnet,FRANKLIN,403,407
60302107005,603021070,Cygnet,FRANKLIN,560,587
60302107006,603021070,Cygnet,FRANKLIN,277,266
60302107007,603021070,Cygnet,FRANKLIN,324,328
60302107008,603021070,Cygnet,FRANKLIN,353,351
60302107009,603021070,Cygnet,FRANKLIN,273,283
60302107010,603021070,Cygnet,FRANKLIN,298,307
60302107011,603021070,Cygnet,FRANKLIN,236,241
60302107012,603021070,Cygnet,FRANKLIN,416,425
60302107101,603021071,Geeveston - Dover,FRANKLIN,411,432
60302107102,603021071,Geeveston - Dover,FRANKLIN,373,391
60302107103,603021071,Geeveston - Dover,FRANKLIN,425,423
60302107104,603021071,Geeveston - Dover,FRANKLIN,350,380
60302107105,603021071,Geeveston - Dover,FRANKLIN,571,617
60302107106,603021071,Geeveston - Dover,FRANKLIN,306,294
60302107107,603021071,Geeveston - Dover,FRANKLIN,302,301
60302107108,603021071,Geeveston - Dover,FRANKLIN,2,2
60302107109,603021071,Geeveston - Dover,FRANKLIN,348,352
60302107110,603021071,Geeveston - Dover,FRANKLIN,194,184
60302107201,603021072,Huonville - Franklin,FRANKLIN,213,226
60302107202,603021072,Huonville - Franklin,FRANKLIN,156,172
60302107203,603021072,Huonville - Franklin,FRANKLIN,343,355
60302107204,603021072,Huonville - Franklin,FRANKLIN,353,371
60302107205,603021072,Huonville - Franklin,FRANKLIN,257,285
60302107206,603021072,Huonville - Franklin,FRANKLIN,530,531
60302107207,603021072,Huonville - Franklin,FRANKLIN,399,410
60302107208,603021072,Huonville - Franklin,FRANKLIN,264,257
60302107209,603021072,Huonville - Franklin,FRANKLIN,452,483
60302107210,603021072,Huonville - Franklin,FRANKLIN,344,365
60302107211,603021072,Huonville - Franklin,FRANKLIN,318,346
60302107212,603021072,Huonville - Franklin,FRANKLIN,522,542
60302107213,603021072,Huonville - Franklin,FRANKLIN,451,477
60302107214,603021072,Huonville - Franklin,FRANKLIN,260,268
60302107215,603021072,Huonville - Franklin,FRANKLIN,322,308
60302107216,603021072,Huonville - Franklin,FRANKLIN,268,266
60302107217,603021072,Huonville - Franklin,FRANKLIN,285,309
60302107218,603021072,Huonville - Franklin,FRANKLIN,404,392
60302107219,603021072,Huonville - Franklin,FRANKLIN,452,439
60302107220,603021072,Huonville - Franklin,FRANKLIN,432,469
60302107221,603021072,Huonville - Franklin,FRANKLIN,324,296
60303107301,603031073,Forestier - Tasman,LYONS,352,348
60303107302,603031073,Forestier - Tasman,LYONS,281,274
60303107303,603031073,Forestier - Tasman,LYONS,2,2
60303107304,603031073,Forestier - Tasman,LYONS,258,228
60303107305,603031073,Forestier - Tasman,LYONS,290,293
60303107306,603031073,Forestier - Tasman,LYONS,268,250
60303107307,603031073,Forestier - Tasman,LYONS,275,272
60303107308,603031073,Forestier - Tasman,LYONS,75,72
60303107309,603031073,Forestier - Tasman,LYONS,166,160
60303107310,603031073,Forestier - Tasman,LYONS,190,190
60303107401,603031074,Triabunna - Bicheno,LYONS,291,286
60303107402,603031074,Triabunna - Bicheno,LYONS,1,1
60303107403,603031074,Triabunna - Bicheno,LYONS,228,229
60303107404,603031074,Triabunna - Bicheno,LYONS,339,321
60303107405,603031074,Triabunna - Bicheno,LYONS,0,0
60303107406,603031074,Triabunna - Bicheno,LYONS,148,143
60303107407,603031074,Triabunna - Bicheno,LYONS,269,263
60303107408,603031074,Triabunna - Bicheno,LYONS,152,143
60303107409,603031074,Triabunna - Bicheno,LYONS,212,210
60303107411,603031074,Triabunna - Bicheno,LYONS,135,135
60303107412,603031074,Triabunna - Bicheno,LYONS,204,202
60303107413,603031074,Triabunna - Bicheno,LYONS,194,206
60303107414,603031074,Triabunna - Bicheno,LYONS,385,355
60303107415,603031074,Triabunna - Bicheno,LYONS,266,266
60303107416,603031074,Triabunna - Bicheno,LYONS,0,0
60303107417,603031074,Triabunna - Bicheno,LYONS,349,368
60303107418,603031074,Triabunna - Bicheno,LYONS,217,207
60303107419,603031074,Triabunna - Bicheno,LYONS,270,277
60303107420,603031074,Triabunna - Bicheno,LYONS,180,187
60303107422,603031074,Triabunna - Bicheno,LYONS,195,193
60303107423,603031074,Triabunna - Bicheno,LYONS,0,0
60401107501,604011075,Acton - Upper Burnie,BRADDON,231,234
60401107502,604011075,Acton - Upper Burnie,BRADDON,269,272
60401107503,604011075,Acton - Upper Burnie,BRADDON,185,185
60401107504,604011075,Acton - Upper Burnie,BRADDON,242,271
60401107505,604011075,Acton - Upper Burnie,BRADDON,512,560
60401107506,604011075,Acton - Upper Burnie,BRADDON,411,404
60401107507,604011075,Acton - Upper Burnie,BRADDON,275,293
60401107508,604011075,Acton - Upper Burnie,BRADDON,453,473
60401107601,604011076,Burnie - Ulverstone Surrounds,BRADDON,418,401
60401107602,604011076,Burnie - Ulverstone Surrounds,BRADDON,312,323
60401107603,604011076,Burnie - Ulverstone Surrounds,BRADDON,347,351
60401107604,604011076,Burnie - Ulverstone Surrounds,BRADDON,297,293
60401107605,604011076,Burnie - Ulverstone Surrounds,BRADDON,203,208
60401107606,604011076,Burnie - Ulverstone Surrounds,BRADDON,407,415
60401107607,604011076,Burnie - Ulverstone Surrounds,BRADDON,286,285
60401107608,604011076,Burnie - Ulverstone Surrounds,BRADDON,385,425
60401107609,604011076,Burnie - Ulverstone Surrounds,BRADDON,350,362
60401107610,604011076,Burnie - Ulverstone Surrounds,BRADDON,236,228
60401107611,604011076,Burnie - Ulverstone Surrounds,BRADDON,321,343
60401107612,604011076,Burnie - Ulverstone Surrounds,BRADDON,310,299
60401107613,604011076,Burnie - Ulverstone Surrounds,BRADDON,238,239
60401107614,604011076,Burnie - Ulverstone Surrounds,BRADDON,107,107
60401107701,604011077,Burnie - Wivenhoe,BRADDON,266,281
60401107702,604011077,Burnie - Wivenhoe,BRADDON,142,152
60401107703,604011077,Burnie - Wivenhoe,BRADDON,317,336
60401107704,604011077,Burnie - Wivenhoe,BRADDON,58,61
60401107705,604011077,Burnie - Wivenhoe,BRADDON,0,0
60401107706,604011077,Burnie - Wivenhoe,BRADDON,2,2
60401107707,604011077,Burnie - Wivenhoe,BRADDON,241,246
60401107708,604011077,Burnie - Wivenhoe,BRADDON,202,206
60401107709,604011077,Burnie - Wivenhoe,BRADDON,313,309
60401107710,604011077,Burnie - Wivenhoe,BRADDON,267,274
60401107711,604011077,Burnie - Wivenhoe,BRADDON,273,261
60401107712,604011077,Burnie - Wivenhoe,BRADDON,341,343
60401107713,604011077,Burnie - Wivenhoe,BRADDON,406,435
60401107801,604011078,Parklands - Camdale,BRADDON,348,354
60401107802,604011078,Parklands - Camdale,BRADDON,275,268
60401107803,604011078,Parklands - Camdale,BRADDON,114,115
60401107804,604011078,Parklands - Camdale,BRADDON,254,242
60401107805,604011078,Parklands - Camdale,BRADDON,127,132
60401107806,604011078,Parklands - Camdale,BRADDON,309,344
60401107807,604011078,Parklands - Camdale,BRADDON,570,594
60401107808,604011078,Parklands - Camdale,BRADDON,312,332
60401107809,604011078,Parklands - Camdale,BRADDON,271,277
60401107810,604011078,Parklands - Camdale,BRADDON,190,182
60401107811,604011078,Parklands - Camdale,BRADDON,259,276
60401107812,604011078,Parklands - Camdale,BRADDON,332,313
60401107813,604011078,Parklands - Camdale,BRADDON,271,256
60401107814,604011078,Parklands - Camdale,BRADDON,158,151
60401107815,604011078,Parklands - Camdale,BRADDON,141,146
60401107816,604011078,Parklands - Camdale,BRADDON,317,313
60401107817,604011078,Parklands - Camdale,BRADDON,474,497
60401107818,604011078,Parklands - Camdale,BRADDON,290,308
60401107901,604011079,Penguin - Sulphur Creek,BRADDON,150,143
60401107902,604011079,Penguin - Sulphur Creek,BRADDON,125,123
60401107903,604011079,Penguin - Sulphur Creek,BRADDON,457,483
60401107904,604011079,Penguin - Sulphur Creek,BRADDON,216,223
60401107905,604011079,Penguin - Sulphur Creek,BRADDON,182,184
60401107906,604011079,Penguin - Sulphur Creek,BRADDON,297,288
60401107907,604011079,Penguin - Sulphur Creek,BRADDON,174,162
60401107908,604011079,Penguin - Sulphur Creek,BRADDON,215,206
60401107909,604011079,Penguin - Sulphur Creek,BRADDON,270,283
60401107910,604011079,Penguin - Sulphur Creek,BRADDON,435,414
60401107911,604011079,Penguin - Sulphur Creek,BRADDON,519,539
60401107912,604011079,Penguin - Sulphur Creek,BRADDON,168,153
60401107913,604011079,Penguin - Sulphur Creek,BRADDON,262,265
60401107914,604011079,Penguin - Sulphur Creek,BRADDON,224,238
60401107915,604011079,Penguin - Sulphur Creek,BRADDON,178,176
60401107916,604011079,Penguin - Sulphur Creek,BRADDON,215,217
60401107917,604011079,Penguin - Sulphur Creek,BRADDON,218,216
60401108001,604011080,Romaine - Havenview,BRADDON,246,242
60401108002,604011080,Romaine - Havenview,BRADDON,218,212
60401108003,604011080,Romaine - Havenview,BRADDON,296,307
60401108004,604011080,Romaine - Havenview,BRADDON,178,168
60401108005,604011080,Romaine - Havenview,BRADDON,303,286
60401108006,604011080,Romaine - Havenview,BRADDON,305,312
60401108007,604011080,Romaine - Havenview,BRADDON,136,132
60401108008,604011080,Romaine - Havenview,BRADDON,371,384
60401108009,604011080,Romaine - Havenview,BRADDON,171,172
60401108010,604011080,Romaine - Havenview,BRADDON,227,246
60401108011,604011080,Romaine - Havenview,BRADDON,240,242
60401108101,604011081,Somerset,BRADDON,76,77
60401108102,604011081,Somerset,BRADDON,268,280
60401108103,604011081,Somerset,BRADDON,198,204
60401108104,604011081,Somerset,BRADDON,197,199
60401108105,604011081,Somerset,BRADDON,178,182
60401108106,604011081,Somerset,BRADDON,243,240
60401108107,604011081,Somerset,BRADDON,334,338
60401108108,604011081,Somerset,BRADDON,400,392
60401108109,604011081,Somerset,BRADDON,298,319
60401108110,604011081,Somerset,BRADDON,283,274
60401108111,604011081,Somerset,BRADDON,367,381
60401108112,604011081,Somerset,BRADDON,309,344
60401108201,604011082,Ulverstone,BRADDON,12,12
60401108202,604011082,Ulverstone,BRADDON,408,405
60401108203,604011082,Ulverstone,BRADDON,326,326
60401108204,604011082,Ulverstone,BRADDON,208,195
60401108205,604011082,Ulverstone,BRADDON,223,222
60401108206,604011082,Ulverstone,BRADDON,218,225
60401108207,604011082,Ulverstone,BRADDON,174,170
60401108208,604011082,Ulverstone,BRADDON,303,287
60401108209,604011082,Ulverstone,BRADDON,121,122
60401108210,604011082,Ulverstone,BRADDON,141,143
60401108211,604011082,Ulverstone,BRADDON,327,356
60401108212,604011082,Ulverstone,BRADDON,146,149
60401108213,604011082,Ulverstone,BRADDON,187,175
60401108214,604011082,Ulverstone,BRADDON,361,358
60401108215,604011082,Ulverstone,BRADDON,285,292
60401108216,604011082,Ulverstone,BRADDON,339,373
60401108217,604011082,Ulverstone,BRADDON,330,311
60401108218,604011082,Ulverstone,BRADDON,282,290
60401108219,604011082,Ulverstone,BRADDON,375,385
60401108220,604011082,Ulverstone,BRADDON,414,419
60401108221,604011082,Ulverstone,BRADDON,497,478
60401108301,604011083,West Ulverstone,BRADDON,213,196
60401108302,604011083,West Ulverstone,BRADDON,249,227
60401108303,604011083,West Ulverstone,BRADDON,309,303
60401108304,604011083,West Ulverstone,BRADDON,384,362
60401108305,604011083,West Ulverstone,BRADDON,276,279
60401108306,604011083,West Ulverstone,BRADDON,280,274
60401108307,604011083,West Ulverstone,BRADDON,236,229
60401108308,604011083,West Ulverstone,BRADDON,96,101
60401108309,604011083,West Ulverstone,BRADDON,375,373
60401108310,604011083,West Ulverstone,BRADDON,356,347
60401108311,604011083,West Ulverstone,BRADDON,267,262
60401108312,604011083,West Ulverstone,BRADDON,345,358
60401108313,604011083,West Ulverstone,BRADDON,150,155
60401108401,604011084,Wynyard,BRADDON,53,54
60401108402,604011084,Wynyard,BRADDON,241,247
60401108403,604011084,Wynyard,BRADDON,214,218
60401108404,604011084,Wynyard,BRADDON,219,228
60401108405,604011084,Wynyard,BRADDON,305,329
60401108406,604011084,Wynyard,BRADDON,302,322
60401108407,604011084,Wynyard,BRADDON,206,211
60401108408,604011084,Wynyard,BRADDON,433,428
60401108409,604011084,Wynyard,BRADDON,328,328
60401108411,604011084,Wynyard,BRADDON,367,351
60401108412,604011084,Wynyard,BRADDON,202,203
60401108413,604011084,Wynyard,BRADDON,299,295
60401108414,604011084,Wynyard,BRADDON,191,187
60401108415,604011084,Wynyard,BRADDON,232,235
60401108416,604011084,Wynyard,BRADDON,252,254
60401108417,604011084,Wynyard,BRADDON,234,239
60401108418,604011084,Wynyard,BRADDON,272,282
60401108419,604011084,Wynyard,BRADDON,201,210
60401108420,604011084,Wynyard,BRADDON,256,265
60401108421,604011084,Wynyard,BRADDON,321,307
60402108501,604021085,Devonport,BRADDON,166,164
60402108502,604021085,Devonport,BRADDON,264,284
60402108503,604021085,Devonport,BRADDON,248,250
60402108504,604021085,Devonport,BRADDON,280,305
60402108505,604021085,Devonport,BRADDON,298,306
60402108506,604021085,Devonport,BRADDON,352,379
60402108507,604021085,Devonport,BRADDON,0,0
60402108508,604021085,Devonport,BRADDON,250,250
60402108509,604021085,Devonport,BRADDON,401,388
60402108510,604021085,Devonport,BRADDON,266,259
60402108511,604021085,Devonport,BRADDON,486,490
60402108512,604021085,Devonport,BRADDON,368,391
60402108513,604021085,Devonport,BRADDON,316,343
60402108514,604021085,Devonport,BRADDON,377,366
60402108515,604021085,Devonport,BRADDON,373,406
60402108516,604021085,Devonport,BRADDON,296,300
60402108517,604021085,Devonport,BRADDON,394,394
60402108518,604021085,Devonport,BRADDON,305,301
60402108519,604021085,Devonport,BRADDON,230,227
60402108520,604021085,Devonport,BRADDON,420,443
60402108521,604021085,Devonport,BRADDON,435,447
60402108522,604021085,Devonport,BRADDON,357,354
60402108523,604021085,Devonport,BRADDON,281,290
60402108524,604021085,Devonport,BRADDON,266,269
60402108525,604021085,Devonport,BRADDON,327,332
60402108526,604021085,Devonport,BRADDON,325,359
60402108527,604021085,Devonport,BRADDON,274,298
60402108528,604021085,Devonport,BRADDON,270,266
60402108529,604021085,Devonport,BRADDON,297,294
60402108530,604021085,Devonport,BRADDON,467,459
60402108531,604021085,Devonport,BRADDON,239,235
60402108532,604021085,Devonport,BRADDON,0,0
60402108533,604021085,Devonport,BRADDON,301,305
60402108534,604021085,Devonport,BRADDON,292,295
60402108535,604021085,Devonport,BRADDON,344,339
60402108536,604021085,Devonport,BRADDON,327,337
60402108601,604021086,East Devonport,BRADDON,207,221
60402108602,604021086,East Devonport,BRADDON,230,223
60402108603,604021086,East Devonport,BRADDON,292,321
60402108604,604021086,East Devonport,BRADDON,399,387
60402108605,604021086,East Devonport,BRADDON,116,125
60402108606,604021086,East Devonport,BRADDON,283,285
60402108607,604021086,East Devonport,BRADDON,161,170
60402108608,604021086,East Devonport,BRADDON,272,266
60402108609,604021086,East Devonport,BRADDON,168,181
60402108610,604021086,East Devonport,BRADDON,264,266
60402108611,604021086,East Devonport,BRADDON,231,243
60402108612,604021086,East Devonport,BRADDON,279,283
60402108613,604021086,East Devonport,BRADDON,205,215
60402108614,604021086,East Devonport,BRADDON,250,250
60402108615,604021086,East Devonport,BRADDON,247,256
60402108616,604021086,East Devonport,BRADDON,316,311
60402108701,604021087,Latrobe,BRADDON,281,277
60402108702,604021087,Latrobe,BRADDON,270,274
60402108703,604021087,Latrobe,BRADDON,185,197
60402108704,604021087,Latrobe,BRADDON,239,269
60402108705,604021087,Latrobe,BRADDON,283,288
60402108707,604021087,Latrobe,BRADDON,602,595
60402108708,604021087,Latrobe,BRADDON,275,274
60402108709,604021087,Latrobe,BRADDON,262,289
60402108710,604021087,Latrobe,BRADDON,278,308
60402108711,604021087,Latrobe,BRADDON,370,370
60402108712,604021087,Latrobe,BRADDON,442,466
60402108713,604021087,Latrobe,BRADDON,127,137
60402108721,604021087,Latrobe,BRADDON,334,314
60402108722,604021087,Latrobe,BRADDON,246,236
60402108723,604021087,Latrobe,BRADDON,114,123
60402108801,604021088,Miandetta - Don,BRADDON,302,330
60402108803,604021088,Miandetta - Don,BRADDON,472,469
60402108804,604021088,Miandetta - Don,BRADDON,348,341
60402108805,604021088,Miandetta - Don,BRADDON,530,513
60402108807,604021088,Miandetta - Don,BRADDON,188,208
60402108808,604021088,Miandetta - Don,BRADDON,71,68
60402108809,604021088,Miandetta - Don,BRADDON,275,298
60402108810,604021088,Miandetta - Don,BRADDON,622,621
60402108901,604021089,Port Sorell,BRADDON,378,384
60402108902,604021089,Port Sorell,BRADDON,182,178
60402108903,604021089,Port Sorell,BRADDON,318,330
60402108904,604021089,Port Sorell,BRADDON,200,213
60402108905,604021089,Port Sorell,BRADDON,573,553
60402108909,604021089,Port Sorell,BRADDON,222,215
60402108910,604021089,Port Sorell,BRADDON,573,565
60402108911,604021089,Port Sorell,BRADDON,444,445
60402108912,604021089,Port Sorell,BRADDON,284,284
60402108913,604021089,Port Sorell,BRADDON,182,189
60402108914,604021089,Port Sorell,BRADDON,347,345
60402108915,604021089,Port Sorell,BRADDON,529,542
60402108916,604021089,Port Sorell,BRADDON,1,1
60402108917,604021089,Port Sorell,BRADDON,530,539
60402108918,604021089,Port Sorell,BRADDON,292,294
60402108919,604021089,Port Sorell,BRADDON,381,375
60402109001,604021090,Quoiba - Spreyton,BRADDON,386,409
60402109002,604021090,Quoiba - Spreyton,BRADDON,441,463
60402109003,604021090,Quoiba - Spreyton,BRADDON,138,153
60402109004,604021090,Quoiba - Spreyton,BRADDON,600,631
60402109005,604021090,Quoiba - Spreyton,BRADDON,187,205
60402109006,604021090,Quoiba - Spreyton,BRADDON,494,489
60402109007,604021090,Quoiba - Spreyton,BRADDON,160,153
60402109008,604021090,Quoiba - Spreyton,BRADDON,189,188
60402109101,604021091,Sheffield - Railton,LYONS,7,7
60402109102,604021091,Sheffield - Railton,LYONS,207,196
60402109103,604021091,Sheffield - Railton,LYONS,232,229
60402109104,604021091,Sheffield - Railton,LYONS,260,260
60402109105,604021091,Sheffield - Railton,LYONS,427,417
60402109106,604021091,Sheffield - Railton,LYONS,318,322
60402109107,604021091,Sheffield - Railton,LYONS,208,199
60402109108,604021091,Sheffield - Railton,LYONS,283,292
60402109109,604021091,Sheffield - Railton,LYONS,283,282
60402109110,604021091,Sheffield - Railton,LYONS,444,458
60402109111,604021091,Sheffield - Railton,LYONS,342,350
60402109112,604021091,Sheffield - Railton,LYONS,395,403
60402109113,604021091,Sheffield - Railton,LYONS,345,367
60402109114,604021091,Sheffield - Railton,LYONS,412,421
60402109115,604021091,Sheffield - Railton,LYONS,280,282
60402109116,604021091,Sheffield - Railton,LYONS,297,305
60402109117,604021091,Sheffield - Railton,LYONS,247,243
60402109118,604021091,Sheffield - Railton,LYONS,203,206
60402109201,604021092,Turners Beach - Forth,BRADDON,227,222
60402109202,604021092,Turners Beach - Forth,BRADDON,472,478
60402109203,604021092,Turners Beach - Forth,BRADDON,400,402
60402109204,604021092,Turners Beach - Forth,BRADDON,195,199
60402109205,604021092,Turners Beach - Forth,BRADDON,317,311
60402109206,604021092,Turners Beach - Forth,BRADDON,343,359
60402109207,604021092,Turners Beach - Forth,BRADDON,269,275
60402109208,604021092,Turners Beach - Forth,BRADDON,329,331
60402109209,604021092,Turners Beach - Forth,BRADDON,234,227
60403109301,604031093,King Island,BRADDON,286,281
60403109302,604031093,King Island,BRADDON,177,167
60403109303,604031093,King Island,BRADDON,197,204
60403109304,604031093,King Island,BRADDON,257,240
60403109305,604031093,King Island,BRADDON,163,171
60403109401,604031094,North West,BRADDON,165,168
60403109402,604031094,North West,BRADDON,177,181
60403109403,604031094,North West,BRADDON,154,172
60403109404,604031094,North West,BRADDON,236,249
60403109405,604031094,North West,BRADDON,392,449
60403109406,604031094,North West,BRADDON,213,234
60403109407,604031094,North West,BRADDON,286,303
60403109408,604031094,North West,BRADDON,228,246
60403109409,604031094,North West,BRADDON,192,198
60403109410,604031094,North West,BRADDON,173,182
60403109411,604031094,North West,BRADDON,394,405
60403109412,604031094,North West,BRADDON,5,5
60403109413,604031094,North West,BRADDON,228,236
60403109501,604031095,Smithton,BRADDON,258,253
60403109502,604031095,Smithton,BRADDON,131,139
60403109503,604031095,Smithton,BRADDON,197,197
60403109504,604031095,Smithton,BRADDON,330,354
60403109505,604031095,Smithton,BRADDON,357,346
60403109506,604031095,Smithton,BRADDON,273,269
60403109507,604031095,Smithton,BRADDON,155,163
60403109508,604031095,Smithton,BRADDON,242,231
60403109509,604031095,Smithton,BRADDON,103,102
60403109510,604031095,Smithton,BRADDON,198,220
60403109511,604031095,Smithton,BRADDON,208,213
60403109512,604031095,Smithton,BRADDON,323,328
60403109601,604031096,Waratah,BRADDON,211,232
60403109602,604031096,Waratah,BRADDON,389,405
60403109603,604031096,Waratah,BRADDON,345,333
60403109604,604031096,Waratah,BRADDON,159,154
60403109605,604031096,Waratah,BRADDON,288,278
60403109606,604031096,Waratah,BRADDON,271,262
60403109607,604031096,Waratah,BRADDON,258,276
60403109608,604031096,Waratah,BRADDON,249,243
60403109609,604031096,Waratah,BRADDON,170,163
60403109610,604031096,Waratah,BRADDON,233,245
60403109611,604031096,Waratah,BRADDON,304,308
60403109612,604031096,Waratah,BRADDON,26,25
60403109613,604031096,Waratah,BRADDON,102,108
60403109701,604031097,West Coast (Tas.),BRADDON,215,238
60403109702,604031097,West Coast (Tas.),BRADDON,119,118
60403109703,604031097,West Coast (Tas.),BRADDON,108,112
60403109704,604031097,West Coast (Tas.),BRADDON,411,414
60403109705,604031097,West Coast (Tas.),BRADDON,182,185
60403109706,604031097,West Coast (Tas.),BRADDON,3,3
60403109707,604031097,West Coast (Tas.),BRADDON,203,218
60403109708,604031097,West Coast (Tas.),BRADDON,217,222
60403109709,604031097,West Coast (Tas.),BRADDON,121,122
60403109710,604031097,West Coast (Tas.),BRADDON,247,264
60403109711,604031097,West Coast (Tas.),BRADDON,233,233
60403109712,604031097,West Coast (Tas.),BRADDON,302,316
60403109713,604031097,West Coast (Tas.),BRADDON,308,334
60403109714,604031097,West Coast (Tas.),BRADDON,128,132
60403109715,604031097,West Coast (Tas.),BRADDON,29,30
60403109716,604031097,West Coast (Tas.),BRADDON,4,4
60403109717,604031097,West Coast (Tas.),BRADDON,207,219
60403109718,604031097,West Coast (Tas.),BRADDON,0,0
60403109719,604031097,West Coast (Tas.),BRADDON,0,0
60403109720,604031097,West Coast (Tas.),BRADDON,0,0
60403109801,604031098,Wilderness - West,BRADDON,0,0
